_id,INTERSECTION_ID,LINEAR_NAME_FULL_1,LINEAR_NAME_FULL_2,MI_PRINX,OBJECTID,ID,CLIENT_STREET_1,CLIENT_STREET_2,RLC,TCS,NAME,ADDITIONAL_INFO,MAIN,SIDE1,SIDE2,MID_BLOCK,PRIVATE_ACCESS,DISTRICT,WARD_1,WARD_2,WARD_3,WARD_4,POLICE_DIVISION_1,POLICE_DIVISION_2,POLICE_DIVISION_3,ACTIVATION_DATE,geometry
1,13465959,Richmond St E,Parliament St,1,1,1,RICHMOND ST E,PARLIAMENT ST,6001,0223,Richmond St E And Parliament St,,RICHMOND ST E,PARLIAMENT ST,,,,Toronto and East York,Toronto Centre(13),,,,51,,,2007-11-09T05:00:00,"c(-79.3640229981536, 43.6545590110734)"
2,13467993,Lake Shore Blvd W,York St,2,2,2,LAKE SHORE BLVD W,YORK ST,6002,0205,Lake Shore Blvd W And York St,WB LAKE SHORE BLVD,LAKE SHORE BLVD W,YORK ST,,,,Toronto and East York,Spadina-Fort York(10),,,,52,,,2007-11-09T05:00:00,"c(-79.3808680070637, 43.6414600021636)"
3,13444656,Steeles Ave W,Carpenter Rd,3,3,3,STEELES AVE W,CARPENTER RD,6003,1564,Steeles Ave W And Carpenter Rd / Private Access @ Shopping Centre,,STEELES AVE W,CARPENTER RD,PRIVATE ACCESS,,SHOPPING CENTRE,North York,York Centre(6),,,,32,,,2007-11-09T05:00:00,"c(-79.447588998966, 43.7920130014137)"
4,13444138,Steeles Ave W,Hilda Ave,4,4,4,STEELES AVE W,HILDA AVE,6004,1115,Steeles Ave W And Hilda Ave,,STEELES AVE W,HILDA AVE,,,,North York,Willowdale(18),,,,32,,,2007-11-09T05:00:00,"c(-79.4292670008865, 43.7960070062936)"
5,13451893,Albion Rd,Silverstone Dr,5,5,5,ALBION RD,SILVERSTONE DR,6005,1156,Albion Rd And Silverstone Dr,,ALBION RD,SILVERSTONE DR,,,,Etobicoke York,Etobicoke North(1),,,,23,,,2007-11-09T05:00:00,"c(-79.6000939933117, 43.7429520012624)"
6,13459576,Dixon Rd,Kipling Ave,6,6,6,DIXON RD,KIPLING AVE,6007,0435,Dixon Rd And Kipling Ave,,DIXON RD,KIPLING AVE,,,,Etobicoke York,Etobicoke North(1),Etobicoke Centre(2),,,23,,,2008-03-18T04:00:00,"c(-79.5586490059244, 43.6942490044885)"
7,13448601,Steeles Ave W,Islington Ave,7,7,7,STEELES AVE W,ISLINGTON AVE,6008,1208,Steeles Ave W And Islington Ave,,STEELES AVE W,ISLINGTON AVE,,,,Etobicoke York,Humber River-Black Creek(7),,,,31,,,2008-10-28T04:00:00,"c(-79.5748709931268, 43.7643430030644)"
8,13450231,Sheppard Ave W,Wilson Heights Blvd,8,8,8,SHEPPARD AVE W,WILSON HEIGHTS BLVD,6009,0631,Sheppard Ave W And Wilson Heights Blvd,,SHEPPARD AVE W,WILSON HEIGHTS BLVD,,,,North York,York Centre(6),,,,32,,,2009-03-17T04:00:00,"c(-79.4567510019211, 43.7516630010107)"
9,13449607,Bathurst St,Sheppard Ave W,9,9,9,BATHURST ST,SHEPPARD AVE W,6010,0672,Bathurst St And Sheppard Ave W,,BATHURST ST,SHEPPARD AVE W,,,,North York,York Centre(6),,,,32,,,2007-11-09T05:00:00,"c(-79.4384810044369, 43.7554580028968)"
10,13455749,Lawrence Ave W,Marlee Ave,10,10,10,LAWRENCE AVE W,MARLEE AVE,6011,0425,Lawrence Ave W And Marlee Ave / Private Access @ Lawrence Square Access,,LAWRENCE AVE W,MARLEE AVE,PRIVATE ACCESS,,LAWRENCE SQUARE ACCESS,North York,Eglinton-Lawrence(8),,,,32,13,,2008-03-19T04:00:00,"c(-79.4465200053405, 43.7156150035191)"
11,13455135,Bathurst St,Lawrence Ave W,11,11,11,BATHURST ST,LAWRENCE AVE W,6012,0423,Bathurst St And Lawrence Ave W,,BATHURST ST,LAWRENCE AVE W,,,,North York,Eglinton-Lawrence(8),,,,32,13,53,2008-08-11T04:00:00,"c(-79.4298159904052, 43.7192580018008)"
12,13444532,Bayview Ave,Cummer Ave,12,12,12,BAYVIEW AVE,CUMMER AVE,6013,0651,Bayview Ave And Cummer Ave,,BAYVIEW AVE,CUMMER AVE,,,,North York,Willowdale(18),Don Valley North(17),,,33,32,,2009-03-17T04:00:00,"c(-79.3935960040456, 43.7922969999153)"
13,13452717,Leslie St,Lawrence Ave E,13,13,13,LESLIE ST,LAWRENCE AVE E,6015,0400,Leslie St And Lawrence Ave E,,LESLIE ST,LAWRENCE AVE E,,,,North York,Don Valley West(15),Don Valley East(16),,,33,,,2008-05-29T04:00:00,"c(-79.3559789975746, 43.7345350020512)"
14,13449822,Leslie St,York Mills Rd,14,14,14,LESLIE ST,YORK MILLS RD,6016,0755,Leslie St And York Mills Rd,,LESLIE ST,YORK MILLS RD,,,,North York,Don Valley West(15),Don Valley East(16),,,33,,,2009-08-05T04:00:00,"c(-79.3599699911438, 43.7529540024844)"
15,13448765,Bayview Ave,Truman Rd,15,15,15,BAYVIEW AVE,TRUMAN RD,6017,1083,Bayview Ave And Truman Rd / Fifeshire Rd,,BAYVIEW AVE,TRUMAN RD,FIFESHIRE RD,,,North York,Don Valley West(15),,,,33,32,,2008-03-31T04:00:00,"c(-79.3866350029291, 43.7605860032119)"
16,14038170,Midland Ave,McNicoll Ave,16,16,16,MIDLAND AVE,MCNICOLL AVE,6018,1540,Midland Ave And Mcnicoll Ave,,MIDLAND AVE,MCNICOLL AVE,,,,Scarborough,Scarborough-Agincourt(22),Scarborough North(23),,,42,,,2008-10-09T04:00:00,"c(-79.2922180081124, 43.8145780077135)"
17,13441903,Steeles Ave E,Birchmount Rd,17,17,17,STEELES AVE E,BIRCHMOUNT RD,6019,1363,Steeles Ave E And Birchmount Rd,,STEELES AVE E,BIRCHMOUNT RD,,,,Scarborough,Scarborough-Agincourt(22),,,,42,,,2009-03-17T04:00:00,"c(-79.3169249962472, 43.8213920039946)"
18,13446799,Warden Ave,Arkona Dr,18,18,18,WARDEN AVE,ARKONA DR,6020,0927,Warden Ave And Arkona Dr / Cloverleaf Gt,,WARDEN AVE,ARKONA DR,CLOVERLEAF GT,,,Scarborough,Scarborough-Agincourt(22),,,,42,,,2008-08-11T04:00:00,"c(-79.3053560099501, 43.7730890055368)"
19,13441677,Steeles Ave E,Brimley Rd,19,19,19,STEELES AVE E,BRIMLEY RD,6021,1491,Steeles Ave E And Brimley Rd,,STEELES AVE E,BRIMLEY RD,,,,Scarborough,Scarborough North(23),,,,42,,,2008-05-29T04:00:00,"c(-79.2872019971675, 43.8282939976019)"
20,13465757,College St,Bathurst St,20,20,20,COLLEGE ST,BATHURST ST,6022,0300,College St And Bathurst St,,COLLEGE ST,BATHURST ST,,,,Toronto and East York,University-Rosedale(11),,,,14,,,2008-08-11T04:00:00,"c(-79.4077219983493, 43.656481004806)"
21,13447211,Morningside Ave,Lawrence Ave E,21,21,21,MORNINGSIDE AVE,LAWRENCE AVE E,6023,0499,Morningside Ave And Lawrence Ave E,,MORNINGSIDE AVE,LAWRENCE AVE E,,,,Scarborough,Scarborough-Guildwood(24),Scarborough-Rouge Park(25),,,43,,,2008-08-11T04:00:00,"c(-79.1862250063822, 43.768408003812)"
22,13461025,Dixon Rd,Carlingview Dr,22,22,22,DIXON RD,CARLINGVIEW DR,6024,0536,Dixon Rd And Carlingview Dr,,DIXON RD,CARLINGVIEW DR,,,,Etobicoke York,Etobicoke North(1),,,,23,,,2009-03-19T04:00:00,"c(-79.5955659976761, 43.6867570035774)"
23,13457150,Dufferin St,Glencairn Ave,23,23,23,DUFFERIN ST,GLENCAIRN AVE,6025,0613,Dufferin St And Glencairn Ave,,DUFFERIN ST,GLENCAIRN AVE,,,,North York,Eglinton-Lawrence(8),,,,13,,,2009-03-19T04:00:00,"c(-79.4531800071891, 43.706982004009)"
24,13456854,Overlea Blvd,Thorncliffe Park Dr,24,24,24,OVERLEA BLVD,THORNCLIFFE PARK DR,6026,0679,Overlea Blvd And Thorncliffe Park Dr,EAST INTERSECTION,OVERLEA BLVD,THORNCLIFFE PARK DR,,,,North York,Don Valley West(15),,,,53,,,2008-10-29T04:00:00,"c(-79.3436250025507, 43.7074730060253)"
25,13447843,Kennedy Rd,Ellesmere Rd,25,25,25,KENNEDY RD,ELLESMERE RD,6027,0696,Kennedy Rd And Ellesmere Rd,,KENNEDY RD,ELLESMERE RD,,,,Scarborough,Scarborough Centre(21),,,,41,,,2008-03-28T04:00:00,"c(-79.2810780069511, 43.7658020019069)"
26,13444761,Leslie St,Finch Ave E,26,26,26,LESLIE ST,FINCH AVE E,6028,0868,Leslie St And Finch Ave E,,LESLIE ST,FINCH AVE E,,,,North York,Don Valley North(17),,,,33,,,2008-10-21T04:00:00,"c(-79.3680670004262, 43.7900119961954)"
27,13444601,Birchmount Rd,Huntingwood Dr,27,27,27,BIRCHMOUNT RD,HUNTINGWOOD DR,6029,0987,Birchmount Rd And Huntingwood Dr,,BIRCHMOUNT RD,HUNTINGWOOD DR,,,,Scarborough,Scarborough-Agincourt(22),,,,42,,,2009-03-17T04:00:00,"c(-79.3022949978243, 43.7904399964523)"
28,13443303,Kingston Rd,Port Union Rd,28,28,28,KINGSTON RD,PORT UNION RD,6030,1201,Kingston Rd And Port Union Rd / Sheppard Ave E,,KINGSTON RD,PORT UNION RD,SHEPPARD AVE E,,,Scarborough,Scarborough-Rouge Park(25),,,,42,,,2008-03-18T04:00:00,"c(-79.1462229994315, 43.7989240015282)"
29,13468898,Bloor St W,The West Mall,29,29,29,BLOOR ST W,THE WEST MALL,6031,0793,Bloor St W And The West Mall,,BLOOR ST W,THE WEST MALL,,,,Etobicoke York,Etobicoke Centre(2),,,,22,,,2009-03-19T04:00:00,"c(-79.5623179959463, 43.6356249939783)"
30,13470138,The Queensway,The West Mall,30,30,30,THE QUEENSWAY,THE WEST MALL,6032,0912,The Queensway And The West Mall,,THE QUEENSWAY,THE WEST MALL,,,,Etobicoke York,Etobicoke-Lakeshore(3),,,,22,,,2008-11-20T05:00:00,"c(-79.5626769977969, 43.6123069968059)"
31,13470661,Lake Shore Blvd W,Thirty Seventh St,31,31,31,LAKE SHORE BLVD W,THIRTY SEVENTH ST,6033,0241,Lake Shore Blvd W And Thirty Seventh St / Private Access,,LAKE SHORE BLVD W,THIRTY SEVENTH ST,PRIVATE ACCESS,,,Etobicoke York,Etobicoke-Lakeshore(3),,,,22,,,2009-03-19T04:00:00,"c(-79.5381799940711, 43.5933960003353)"
32,13470261,Kipling Ave,Horner Ave,32,32,32,KIPLING AVE,HORNER AVE,6034,0764,Kipling Ave And Horner Ave,,KIPLING AVE,HORNER AVE,,,,Etobicoke York,Etobicoke-Lakeshore(3),,,,22,,,2008-03-19T04:00:00,"c(-79.5207509976317, 43.6072009967797)"
33,13470082,The Queensway,North Queen St,33,33,33,THE QUEENSWAY,NORTH QUEEN ST,6035,0917,The Queensway And North Queen St / Private Access @ Sherway Gardens,,THE QUEENSWAY,NORTH QUEEN ST,PRIVATE ACCESS,,SHERWAY GARDENS,Etobicoke York,Etobicoke-Lakeshore(3),,,,22,,,2009-04-02T04:00:00,"c(-79.5561539918499, 43.6142170046664)"
34,13453096,Wilson Ave,Transit Rd,34,34,34,WILSON AVE,TRANSIT RD,6036,1237,Wilson Ave And Transit Rd / Billy Bishop Way,WILSON STN ENTRANCE,WILSON AVE,TRANSIT RD,BILLY BISHOP WAY,,,North York,York Centre(6),,,,32,,,2009-08-21T04:00:00,"c(-79.4528629934421, 43.7333830014361)"
35,13468837,Lake Shore Blvd W,Windermere Ave,35,35,35,LAKE SHORE BLVD W,WINDERMERE AVE,6037,0229,Lake Shore Blvd W And Windermere Ave / Private Access,,LAKE SHORE BLVD W,WINDERMERE AVE,PRIVATE ACCESS,,,Toronto and East York,Parkdale-High Park(4),,,,11,,,2008-05-29T04:00:00,"c(-79.46814699688, 43.6351890029381)"
36,13442867,Warden Ave,McNicoll Ave,36,36,36,WARDEN AVE,MCNICOLL AVE,6038,1287,Warden Ave And Mcnicoll Ave,,WARDEN AVE,MCNICOLL AVE,,,,Scarborough,Scarborough-Agincourt(22),,,,42,,,2009-03-17T04:00:00,"c(-79.3209749936509, 43.8063490021709)"
37,13454197,Keele St,Wilson Ave,37,37,37,KEELE ST,WILSON AVE,6039,0597,Keele St And Wilson Ave,,KEELE ST,WILSON AVE,,,,North York,York Centre(6),,,,31,,,2008-05-29T04:00:00,"c(-79.4820690045095, 43.7266419991172)"
38,13464191,Lansdowne Ave,Dupont St,38,38,38,LANSDOWNE AVE,DUPONT ST,6040,0844,Lansdowne Ave And Dupont St,,LANSDOWNE AVE,DUPONT ST,,,,Toronto and East York,Davenport(9),,,,11,,,2008-03-26T04:00:00,"c(-79.4464609943321, 43.6667250002628)"
39,13468197,Queen St W,Lansdowne Ave,39,39,39,QUEEN ST W,LANSDOWNE AVE,6041,1981,Queen St W And Lansdowne Ave / Jameson Ave,,QUEEN ST W,LANSDOWNE AVE,JAMESON AVE,,,Toronto and East York,Parkdale-High Park(4),,,,11,14,,2009-01-21T05:00:00,"c(-79.4369899986827, 43.6405599995531)"
40,13467689,Burnhamthorpe Rd,The East Mall,40,40,40,BURNHAMTHORPE RD,THE EAST MALL,6042,0948,Burnhamthorpe Rd And The East Mall,,BURNHAMTHORPE RD,THE EAST MALL,,,,Etobicoke York,Etobicoke Centre(2),,,,22,,,2008-03-26T04:00:00,"c(-79.5599919958505, 43.6463030043403)"
41,13451388,Keele St,Sheppard Ave W,41,41,41,KEELE ST,SHEPPARD AVE W,6043,0600,Keele St And Sheppard Ave W,,KEELE ST,SHEPPARD AVE W,,,,North York,York Centre(6),,,,31,,,2009-03-17T04:00:00,"c(-79.4864519947699, 43.7447770044339)"
42,13460183,Jane St,Bala Ave,42,42,42,JANE ST,BALA AVE,6045,1317,Jane St And Bala Ave / Emmett Ave,,JANE ST,BALA AVE,EMMETT AVE,,,Etobicoke York,York South-Weston(5),,,,12,,,2008-05-16T04:00:00,"c(-79.5006009970776, 43.6901420045761)"
43,13451997,Jane St,Clair Rd,43,43,43,JANE ST,CLAIR RD,6046,1127,Jane St And Clair Rd / Spenvalley Dr,,JANE ST,CLAIR RD,SPENVALLEY DR,,,Etobicoke York,Humber River-Black Creek(7),,,,31,,,2008-10-09T04:00:00,"c(-79.5136850048347, 43.74124000574)"
44,NA,,,44,44,44,O CONNOR DR,BERMONDSEY RD,6047,0448,O Connor Dr And Bermondsey Rd / Yardley Ave,,O CONNOR DR,BERMONDSEY RD,YARDLEY AVE,,,Toronto and East York,Beaches-East York(19),,,,54,,,2008-08-11T04:00:00,"c(-79.3074270054452, 43.7124530074629)"
45,13458312,Danforth Ave,Birchmount Rd,45,45,45,DANFORTH AVE,BIRCHMOUNT RD,6048,0359,Danforth Ave And Birchmount Rd,,DANFORTH AVE,BIRCHMOUNT RD,,,,Scarborough,Scarborough Southwest(20),,,,41,,,2009-04-01T04:00:00,"c(-79.2639990061325, 43.6969930097833)"
46,13460559,Islington Ave,The Westway,46,46,46,ISLINGTON AVE,THE WESTWAY,6049,0711,Islington Ave And The Westway,,ISLINGTON AVE,THE WESTWAY,,,,Etobicoke York,Etobicoke Centre(2),,,,23,,,2008-12-10T05:00:00,"c(-79.5428729970172, 43.6886200015324)"
47,13462422,Bathurst St,Davenport Rd,47,47,47,BATHURST ST,DAVENPORT RD,6050,0384,Bathurst St And Davenport Rd,,BATHURST ST,DAVENPORT RD,,,,Toronto and East York,Toronto-St. Paul's(12),,,,13,,,2009-03-18T04:00:00,"c(-79.415786001934, 43.6767300085459)"
48,13454488,Warden Ave,Comstock Rd,48,48,48,WARDEN AVE,COMSTOCK RD,6051,0690,Warden Ave And Comstock Rd,,WARDEN AVE,COMSTOCK RD,,,,Scarborough,Scarborough Southwest(20),,,,41,,,2008-10-28T04:00:00,"c(-79.2849930048744, 43.7215320000156)"
49,13464080,Eastern Ave,Lower Coxwell Ave,49,49,49,EASTERN AVE,LOWER COXWELL AVE,6053,0301,Eastern Ave And Lower Coxwell Ave,,EASTERN AVE,LOWER COXWELL AVE,,,,Toronto and East York,Toronto-Danforth(14),Beaches-East York(19),,,55,,,2009-08-13T04:00:00,"c(-79.3162150008697, 43.6654930038606)"
50,13446743,Midland Ave,Progress Ave,50,50,50,MIDLAND AVE,PROGRESS AVE,6055,0691,Midland Ave And Progress Ave,,MIDLAND AVE,PROGRESS AVE,,,,Scarborough,Scarborough Centre(21),,,,41,,,2009-04-16T04:00:00,"c(-79.2729859942398, 43.7729650001435)"
51,13448868,Lawrence Ave E,Bellamy Rd N,51,51,51,LAWRENCE AVE E,BELLAMY RD N,6056,0416,Lawrence Ave E And Bellamy Rd N,,LAWRENCE AVE E,BELLAMY RD N,,,,Scarborough,Scarborough Centre(21),Scarborough-Guildwood(24),,,43,,,2009-04-01T04:00:00,"c(-79.2352669931062, 43.757721009063)"
52,13456762,Danforth Rd,Birchmount Rd,52,52,52,DANFORTH RD,BIRCHMOUNT RD,6058,0417,Danforth Rd And Birchmount Rd,,DANFORTH RD,BIRCHMOUNT RD,,,,Scarborough,Scarborough Southwest(20),,,,41,,,2010-02-25T05:00:00,"c(-79.2681300060352, 43.7069980024562)"
53,13454486,St Clair Ave E,Brimley Rd,53,53,53,ST CLAIR AVE E,BRIMLEY RD,6059,0497,St Clair Ave E And Brimley Rd,,ST CLAIR AVE E,BRIMLEY RD,,,,Scarborough,Scarborough Southwest(20),,,,41,43,,2009-08-21T04:00:00,"c(-79.241447998072, 43.7208750056158)"
54,13456952,Keele St,Lawrence Ave W,54,54,54,KEELE ST,LAWRENCE AVE W,6060,0428,Keele St And Lawrence Ave W,,KEELE ST,LAWRENCE AVE W,,,,Etobicoke York,York South-Weston(5),,,,12,,,2009-03-19T04:00:00,"c(-79.4780619980855, 43.7086590072417)"
55,13464908,Bloor St W,Ossington Ave,55,55,55,BLOOR ST W,OSSINGTON AVE,6061,0341,Bloor St W And Ossington Ave,,BLOOR ST W,OSSINGTON AVE,,,,Toronto and East York,Davenport(9),University-Rosedale(11),,,14,,,2011-11-22T05:00:00,"c(-79.4256589977268, 43.6619839983533)"
56,13461356,Danforth Ave,Greenwood Ave,56,56,56,DANFORTH AVE,GREENWOOD AVE,6062,0348,Danforth Ave And Greenwood Ave,,DANFORTH AVE,GREENWOOD AVE,,,,Toronto and East York,Toronto-Danforth(14),,,,54,55,,2010-01-07T05:00:00,"c(-79.3323819969191, 43.6814840035033)"
57,13463494,Queen St E,Woodbine Ave,57,57,57,QUEEN ST E,WOODBINE AVE,6063,0548,Queen St E And Woodbine Ave,,QUEEN ST E,WOODBINE AVE,,,,Toronto and East York,Beaches-East York(19),,,,55,,,2009-08-06T04:00:00,"c(-79.3057750019252, 43.6687570069778)"
58,13466630,King St E,Jarvis St,58,58,58,KING ST E,JARVIS ST,6064,0003,King St E And Jarvis St,,KING ST E,JARVIS ST,,,,Toronto and East York,Toronto Centre(13),,,,51,,,2009-08-06T04:00:00,"c(-79.3719129962965, 43.6504630011365)"
59,13465164,Lake Shore Blvd E,Leslie St,59,59,59,LAKE SHORE BLVD E,LESLIE ST,6065,0206,Lake Shore Blvd E And Leslie St,,LAKE SHORE BLVD E,LESLIE ST,,,,Toronto and East York,Toronto-Danforth(14),,,,55,,,2009-08-06T04:00:00,"c(-79.3284359942956, 43.6592350040891)"
60,13467011,Lower Jarvis St,The Esplanade,60,60,60,LOWER JARVIS ST,THE ESPLANADE,6066,1392,Lower Jarvis St And The Esplanade,,LOWER JARVIS ST,THE ESPLANADE,,,,Toronto and East York,Spadina-Fort York(10),Toronto Centre(13),,,51,,,2009-08-06T04:00:00,"c(-79.3709320014031, 43.6482249963251)"
61,13465837,Lake Shore Blvd E,Carlaw Ave,61,61,61,LAKE SHORE BLVD E,CARLAW AVE,6067,0207,Lake Shore Blvd E And Carlaw Ave,,LAKE SHORE BLVD E,CARLAW AVE,,,,Toronto and East York,Toronto-Danforth(14),,,,55,,,2009-08-06T04:00:00,"c(-79.3374340022338, 43.6549600017234)"
62,13461587,Rogers Rd,Keele St,62,62,62,ROGERS RD,KEELE ST,6068,0394,Rogers Rd And Keele St,,ROGERS RD,KEELE ST,,,,Etobicoke York,York South-Weston(5),,,,12,,,2009-09-08T04:00:00,"c(-79.4715979979489, 43.6821360027129)"
63,13465876,Dundas St W,Bloor St W,63,63,63,DUNDAS ST W,BLOOR ST W,6069,0327,Dundas St W And Bloor St W,,DUNDAS ST W,BLOOR ST W,,,,Toronto and East York,Parkdale-High Park(4),,,,11,,,2009-08-11T04:00:00,"c(-79.4524529944122, 43.6563210073069)"
64,NA,,,64,64,64,YONGE ST,LAWRENCE AVE,6070,0055,Yonge St And Lawrence Ave,,YONGE ST,LAWRENCE AVE,,,,North York,Eglinton-Lawrence(8),Don Valley West(15),,,32,53,,2009-08-05T04:00:00,"c(-79.4021950065855, 43.7251010003172)"
65,13457863,Eglinton Ave W,Spadina Rd,65,65,65,EGLINTON AVE W,SPADINA RD,6072,0099,Eglinton Ave W And Spadina Rd,,EGLINTON AVE W,SPADINA RD,,,,North York,Eglinton-Lawrence(8),Toronto-St. Paul's(12),,,13,53,,2010-01-07T05:00:00,"c(-79.4191080086644, 43.7023509956489)"
66,13452266,Lawrence Ave E,Don Mills Rd,66,66,66,LAWRENCE AVE E,DON MILLS RD,6074,0402,Lawrence Ave E And Don Mills Rd,,LAWRENCE AVE E,DON MILLS RD,,,,North York,Don Valley East(16),,,,33,,,2009-09-10T04:00:00,"c(-79.3434479955005, 43.7371730050547)"
67,13443509,Neilson Rd,Sheppard Ave E,67,67,67,NEILSON RD,SHEPPARD AVE E,6075,1222,Neilson Rd And Sheppard Ave E,,NEILSON RD,SHEPPARD AVE E,,,,Scarborough,Scarborough North(23),Scarborough-Rouge Park(25),,,42,,,2009-08-04T04:00:00,"c(-79.2176650080531, 43.7981220089414)"
68,13443955,Sheppard Ave E,Malvern St,68,68,68,SHEPPARD AVE E,MALVERN ST,6076,1568,Sheppard Ave E And Malvern St / Progress Ave,,SHEPPARD AVE E,MALVERN ST,PROGRESS AVE,,,Scarborough,Scarborough North(23),,,,42,,,2009-08-04T04:00:00,"c(-79.2349310078247, 43.7946620094042)"
69,13444869,Ellesmere Rd,Military Trl,69,69,69,ELLESMERE RD,MILITARY TRL,6077,1195,Ellesmere Rd And Military Trl,,ELLESMERE RD,MILITARY TRL,,,,Scarborough,Scarborough-Rouge Park(25),,,,43,,,2009-08-05T04:00:00,"c(-79.1883100064072, 43.7865780023884)"
70,14228400,Kennedy Rd,401 C E Kennedy Rd Ramp,70,70,70,KENNEDY RD,401 C E KENNEDY RD RAMP,6078,0920,Kennedy Rd And 401 C E Kennedy Rd Ramp / William Kitchen Rd,HWY 401 SOUTH INTERSECTION,KENNEDY RD,401 C E KENNEDY RD RAMP,WILLIAM KITCHEN RD,,,Scarborough,Scarborough Centre(21),,,,41,,,2017-12-19T05:00:00,"c(-79.2838680047475, 43.7731870021528)"
71,13466730,University Ave,Richmond St W,71,71,71,UNIVERSITY AVE,RICHMOND ST W,6079,0079,University Ave And Richmond St W,,UNIVERSITY AVE,RICHMOND ST W,,,,Toronto and East York,Spadina-Fort York(10),,,,52,,,2017-07-24T04:00:00,"c(-79.3862910070768, 43.6500869989537)"
72,13466117,Adelaide St E,Parliament St,72,72,72,ADELAIDE ST E,PARLIAMENT ST,6080,0214,Adelaide St E And Parliament St,,ADELAIDE ST E,PARLIAMENT ST,,,,Toronto and East York,Toronto Centre(13),,,,51,,,2017-06-05T04:00:00,"c(-79.3635979983947, 43.6535639991237)"
73,13466931,University Ave,Adelaide St W,73,73,73,UNIVERSITY AVE,ADELAIDE ST W,6081,0078,University Ave And Adelaide St W,,UNIVERSITY AVE,ADELAIDE ST W,,,,Toronto and East York,Spadina-Fort York(10),,,,52,,,2017-10-20T04:00:00,"c(-79.3855560013834, 43.6488690023181)"
74,13466604,University Ave,Queen St W,74,74,74,UNIVERSITY AVE,QUEEN ST W,6083,0080,University Ave And Queen St W,,UNIVERSITY AVE,QUEEN ST W,,,,Toronto and East York,Spadina-Fort York(10),,,,52,,,2017-08-31T04:00:00,"c(-79.3866280046579, 43.6508519992253)"
75,13454197,Keele St,Wilson Ave,75,75,75,KEELE ST,WILSON AVE,6084,0597,Keele St And Wilson Ave,,KEELE ST,WILSON AVE,,,,North York,York Centre(6),,,,31,,,2017-10-20T04:00:00,"c(-79.4820690045095, 43.7266419991172)"
76,13468377,Lake Shore Blvd W,Spadina Ave,76,76,76,LAKE SHORE BLVD W,SPADINA AVE,6085,0215,Lake Shore Blvd W And Spadina Ave / Lower Spadina Ave,E/B LAKE SHORE BLVD,LAKE SHORE BLVD W,SPADINA AVE,LOWER SPADINA AVE,,,Toronto and East York,Spadina-Fort York(10),,,,14,52,,2017-08-08T04:00:00,"c(-79.3922259986906, 43.6384530045981)"
77,13469683,Lake Shore Blvd W,Park Lawn Rd,77,77,77,LAKE SHORE BLVD W,PARK LAWN RD,6086,0230,Lake Shore Blvd W And Park Lawn Rd / Marine Parade Dr,,LAKE SHORE BLVD W,PARK LAWN RD,MARINE PARADE DR,,,Etobicoke York,Etobicoke-Lakeshore(3),,,,22,,,2017-10-06T04:00:00,"c(-79.4812110096601, 43.6229680112056)"
78,13447964,Sheppard Ave E,Bayview Ave,78,78,78,SHEPPARD AVE E,BAYVIEW AVE,6087,0648,Sheppard Ave E And Bayview Ave,,SHEPPARD AVE E,BAYVIEW AVE,,,,North York,Willowdale(18),Don Valley North(17),,,33,32,,2017-07-14T04:00:00,"c(-79.38805600118, 43.7665890046041)"
79,13447719,Steeles Ave W,Weston Rd,79,79,79,STEELES AVE W,WESTON RD,6088,1289,Steeles Ave W And Weston Rd,,STEELES AVE W,WESTON RD,,,,Etobicoke York,Humber River-Black Creek(7),,,,31,,,2017-10-30T04:00:00,"c(-79.5465260053289, 43.7702810010402)"
80,13448786,Lawrence Ave E,Greencedar Crct,80,80,80,LAWRENCE AVE E,GREENCEDAR CRCT,6089,0419,Lawrence Ave E And Greencedar Crct / Greenbrae Crct,,LAWRENCE AVE E,GREENCEDAR CRCT,GREENBRAE CRCT,,,Scarborough,Scarborough-Guildwood(24),,,,43,,,2017-03-10T05:00:00,"c(-79.2330769989999, 43.7581840043566)"
81,13443562,Finch Ave E,Birchmount Rd,81,81,81,FINCH AVE E,BIRCHMOUNT RD,6090,1138,Finch Ave E And Birchmount Rd,,FINCH AVE E,BIRCHMOUNT RD,,,,Scarborough,Scarborough-Agincourt(22),,,,42,,,2017-03-10T05:00:00,"c(-79.3059809951566, 43.7989979995184)"
82,13468751,Bloor St W,The East Mall,82,82,82,BLOOR ST W,THE EAST MALL,6092,0792,Bloor St W And The East Mall,,BLOOR ST W,THE EAST MALL,,,,Etobicoke York,Etobicoke Centre(2),Etobicoke-Lakeshore(3),,,22,,,2017-12-19T05:00:00,"c(-79.5567089997178, 43.6369290009577)"
83,13455040,Wilson Ave,Jane St,83,83,83,WILSON AVE,JANE ST,6094,0532,Wilson Ave And Jane St,,WILSON AVE,JANE ST,,,,Etobicoke York,Humber River-Black Creek(7),York Centre(6),,,31,,,2017-03-09T05:00:00,"c(-79.5086339938217, 43.7209150020263)"
84,13442867,Warden Ave,McNicoll Ave,84,84,84,WARDEN AVE,MCNICOLL AVE,6095,1287,Warden Ave And Mcnicoll Ave,,WARDEN AVE,MCNICOLL AVE,,,,Scarborough,Scarborough-Agincourt(22),,,,42,,,2017-03-10T05:00:00,"c(-79.3209749936509, 43.8063490021709)"
85,13446042,Steeles Ave W,Keele St,85,85,85,STEELES AVE W,KEELE ST,6097,0602,Steeles Ave W And Keele St,,STEELES AVE W,KEELE ST,,,,Etobicoke York,Humber River-Black Creek(7),York Centre(6),,,31,,,2017-03-10T05:00:00,"c(-79.4945059992452, 43.7815790029302)"
86,13467345,University Ave,Wellington St W,86,86,86,UNIVERSITY AVE,WELLINGTON ST W,6098,0076,University Ave And Wellington St W,,UNIVERSITY AVE,WELLINGTON ST W,,,,Toronto and East York,Spadina-Fort York(10),,,,52,,,2017-09-06T04:00:00,"c(-79.3840989922877, 43.6463830046885)"
87,13452362,Albion Rd,Kipling Ave,87,87,87,ALBION RD,KIPLING AVE,6099,0734,Albion Rd And Kipling Ave,,ALBION RD,KIPLING AVE,,,,Etobicoke York,Etobicoke North(1),,,,23,,,2017-07-10T04:00:00,"c(-79.5804020028511, 43.7397240059444)"
88,13469800,The Queensway,Kipling Ave,88,88,88,THE QUEENSWAY,KIPLING AVE,6100,0568,The Queensway And Kipling Ave,,THE QUEENSWAY,KIPLING AVE,,,,Etobicoke York,Etobicoke-Lakeshore(3),,,,22,,,2018-09-05T04:00:00,"c(-79.5267410052857, 43.6209179956827)"
89,13444088,Finch Ave E,Gordon Baker Rd,89,89,89,FINCH AVE E,GORDON BAKER RD,6101,1181,Finch Ave E And Gordon Baker Rd / Finch E 404 N Ramp,,FINCH AVE E,GORDON BAKER RD,FINCH E 404 N RAMP,,,North York,Don Valley North(17),,,,33,,,2017-11-30T05:00:00,"c(-79.3412610045643, 43.7951470000125)"
90,13463674,Jarvis St,Isabella St,90,90,90,JARVIS ST,ISABELLA ST,6102,0012,Jarvis St And Isabella St,,JARVIS ST,ISABELLA ST,,,,Toronto and East York,Toronto Centre(13),,,,51,,,2017-03-13T04:00:00,"c(-79.3794520049809, 43.6688930027192)"
91,13452352,Danforth Rd,Brimley Rd,91,91,91,DANFORTH RD,BRIMLEY RD,6103,0378,Danforth Rd And Brimley Rd,,DANFORTH RD,BRIMLEY RD,,,,Scarborough,Scarborough Southwest(20),,,,41,43,,2017-03-10T05:00:00,"c(-79.2473840010046, 43.7351730038106)"
92,13442036,McCowan Rd,McNicoll Ave,92,92,92,MCCOWAN RD,MCNICOLL AVE,6105,1493,Mccowan Rd And Mcnicoll Ave,,MCCOWAN RD,MCNICOLL AVE,,,,Scarborough,Scarborough North(23),,,,42,,,2017-03-14T04:00:00,"c(-79.2719800057721, 43.8179410082595)"
93,13463362,St Clair Ave W,Gunns Rd,93,93,93,ST CLAIR AVE W,GUNNS RD,6106,1404,St Clair Ave W And Gunns Rd / Old Stock Yards Rd @ Home Depot Entrance,,ST CLAIR AVE W,GUNNS RD,OLD STOCK YARDS RD,,HOME DEPOT ENTRANCE,Etobicoke York,York South-Weston(5),,,,12,11,,2017-07-10T04:00:00,"c(-79.4711240063789, 43.6717810093395)"
94,13467505,Spadina Ave,King St W,94,94,94,SPADINA AVE,KING ST W,6107,0273,Spadina Ave And King St W,,SPADINA AVE,KING ST W,,,,Toronto and East York,Spadina-Fort York(10),,,,14,52,,2017-11-03T04:00:00,"c(-79.3950459963437, 43.6454700030013)"
95,13444619,Sheppard Ave E,McCowan Rd,95,95,95,SHEPPARD AVE E,MCCOWAN RD,6108,0938,Sheppard Ave E And Mccowan Rd,,SHEPPARD AVE E,MCCOWAN RD,,,,Scarborough,Scarborough North(23),,,,42,,,2017-03-10T05:00:00,"c(-79.2588380089157, 43.7896200075726)"
96,13466241,King St E,Parliament St,96,96,96,KING ST E,PARLIAMENT ST,6109,0245,King St E And Parliament St,,KING ST E,PARLIAMENT ST,,,,Toronto and East York,Toronto Centre(13),,,,51,,,2017-03-10T05:00:00,"c(-79.3632450108231, 43.6527289986933)"
97,13456327,Rexdale Blvd,Martin Grove Rd,97,97,97,REXDALE BLVD,MARTIN GROVE RD,6110,0790,Rexdale Blvd And Martin Grove Rd,,REXDALE BLVD,MARTIN GROVE RD,,,,Etobicoke York,Etobicoke North(1),,,,23,,,2017-04-11T04:00:00,"c(-79.581117010177, 43.7138439993169)"
98,13469998,The Queensway,The East Mall,98,98,98,THE QUEENSWAY,THE EAST MALL,6111,0911,The Queensway And The East Mall,,THE QUEENSWAY,THE EAST MALL,,,,Etobicoke York,Etobicoke-Lakeshore(3),,,,22,,,2017-10-06T04:00:00,"c(-79.5462869918465, 43.6164190042953)"
99,13460975,St Clair Ave W,Spadina Rd,99,99,99,ST CLAIR AVE W,SPADINA RD,6112,0479,St Clair Ave W And Spadina Rd,,ST CLAIR AVE W,SPADINA RD,,,,Toronto and East York,Toronto-St. Paul's(12),,,,13,53,,2017-07-14T04:00:00,"c(-79.4111690060153, 43.6846250039646)"
100,13447779,Dufferin St,Finch Ave W,100,100,100,DUFFERIN ST,FINCH AVE W,6113,0618,Dufferin St And Finch Ave W,,DUFFERIN ST,FINCH AVE W,,,,North York,York Centre(6),,,,32,,,2017-06-05T04:00:00,"c(-79.4669269987134, 43.7688520057869)"
101,13469914,Islington Ave,Evans Ave,101,101,101,ISLINGTON AVE,EVANS AVE,6114,0775,Islington Ave And Evans Ave,,ISLINGTON AVE,EVANS AVE,,,,Etobicoke York,Etobicoke-Lakeshore(3),,,,22,,,2017-06-05T04:00:00,"c(-79.5113280068698, 43.6183930020751)"
102,13463137,Eglinton Ave W,Martin Grove Rd,102,102,102,EGLINTON AVE W,MARTIN GROVE RD,6115,0786,Eglinton Ave W And Martin Grove Rd,,EGLINTON AVE W,MARTIN GROVE RD,,,,Etobicoke York,Etobicoke North(1),Etobicoke Centre(2),,,23,22,,2017-07-10T04:00:00,"c(-79.5631760034985, 43.6744770028432)"
103,13442866,Finch Ave E,Brimley Rd,103,103,103,FINCH AVE E,BRIMLEY RD,6116,1178,Finch Ave E And Brimley Rd,,FINCH AVE E,BRIMLEY RD,,,,Scarborough,Scarborough North(23),,,,42,,,2017-03-10T05:00:00,"c(-79.2773999905335, 43.8057060076328)"
104,13468970,Lake Shore Blvd W,Jameson Ave,104,104,104,LAKE SHORE BLVD W,JAMESON AVE,6117,0224,Lake Shore Blvd W And Jameson Ave,,LAKE SHORE BLVD W,JAMESON AVE,,,,Toronto and East York,Parkdale-High Park(4),,,,14,,,2017-07-10T04:00:00,"c(-79.4345630018802, 43.6333410037216)"
105,13452053,Eglinton Ave E,Danforth Rd,105,105,105,EGLINTON AVE E,DANFORTH RD,6118,0379,Eglinton Ave E And Danforth Rd,,EGLINTON AVE E,DANFORTH RD,,,,Scarborough,Scarborough Centre(21),Scarborough Southwest(20),,,43,,,2017-03-10T05:00:00,"c(-79.2461639921163, 43.7370970034513)"
106,13442522,Neilson Rd,McLevin Ave,106,106,106,NEILSON RD,MCLEVIN AVE,6119,1339,Neilson Rd And Mclevin Ave,,NEILSON RD,MCLEVIN AVE,,,,Scarborough,Scarborough North(23),Scarborough-Rouge Park(25),,,42,,,2017-06-05T04:00:00,"c(-79.2216579986745, 43.8091730021276)"
107,13467394,Simcoe St,Wellington St W,107,107,107,SIMCOE ST,WELLINGTON ST W,6120,0264,Simcoe St And Wellington St W,,SIMCOE ST,WELLINGTON ST W,,,,Toronto and East York,Spadina-Fort York(10),,,,52,,,2017-08-08T04:00:00,"c(-79.3855610005702, 43.6460530112796)"
108,13448840,Jane St,Stong Crt,108,108,108,JANE ST,STONG CRT,6121,0972,Jane St And Stong Crt / York Gate Blvd,,JANE ST,STONG CRT,YORK GATE BLVD,,,Etobicoke York,Humber River-Black Creek(7),,,,31,,,2017-10-20T04:00:00,"c(-79.518821999491, 43.7619170059083)"
109,13446514,Ellesmere Rd,Bellamy Rd N,109,109,109,ELLESMERE RD,BELLAMY RD N,6122,0700,Ellesmere Rd And Bellamy Rd N,,ELLESMERE RD,BELLAMY RD N,,,,Scarborough,Scarborough-Guildwood(24),,,,43,,,2017-03-10T05:00:00,"c(-79.2417590066978, 43.7743339999482)"
110,13450163,Lawrence Ave E,Kennedy Rd,110,110,110,LAWRENCE AVE E,KENNEDY RD,6123,0412,Lawrence Ave E And Kennedy Rd,,LAWRENCE AVE E,KENNEDY RD,,,,Scarborough,Scarborough Centre(21),,,,41,,,2017-03-10T05:00:00,"c(-79.2749340070665, 43.7494969990726)"
111,13454488,Warden Ave,Comstock Rd,111,111,111,WARDEN AVE,COMSTOCK RD,6124,0690,Warden Ave And Comstock Rd,,WARDEN AVE,COMSTOCK RD,,,,Scarborough,Scarborough Southwest(20),,,,41,,,2017-03-10T05:00:00,"c(-79.2849930048744, 43.7215320000156)"
112,13443955,Sheppard Ave E,Malvern St,112,112,112,SHEPPARD AVE E,MALVERN ST,6125,1568,Sheppard Ave E And Malvern St / Progress Ave,,SHEPPARD AVE E,MALVERN ST,PROGRESS AVE,,,Scarborough,Scarborough North(23),,,,42,,,2017-05-03T04:00:00,"c(-79.2349310078247, 43.7946620094042)"
113,13456668,Rexdale Blvd,Kipling Ave,113,113,113,REXDALE BLVD,KIPLING AVE,6126,0732,Rexdale Blvd And Kipling Ave,,REXDALE BLVD,KIPLING AVE,,,,Etobicoke York,Etobicoke North(1),,,,23,,,2017-10-20T04:00:00,"c(-79.5667019990785, 43.7117030085107)"
114,13458367,Weston Rd,Lawrence Ave W,114,114,114,WESTON RD,LAWRENCE AVE W,6127,0431,Weston Rd And Lawrence Ave W,,WESTON RD,LAWRENCE AVE W,,,,Etobicoke York,York South-Weston(5),,,,12,,,2017-10-20T04:00:00,"c(-79.5162009996174, 43.7001579982337)"
115,13452733,Islington Ave,Albion Rd,115,115,115,ISLINGTON AVE,ALBION RD,6128,0717,Islington Ave And Albion Rd,,ISLINGTON AVE,ALBION RD,,,,Etobicoke York,Etobicoke North(1),,,,23,,,2017-06-19T04:00:00,"c(-79.5653050069778, 43.7372359965559)"
116,NA,,,116,116,116,YONGE ST,STEELES AVE,6130,0131,Yonge St And Steeles Ave,,YONGE ST,STEELES AVE,,,,North York,Willowdale(18),,,,32,,,2017-08-11T04:00:00,"c(-79.4200839983511, 43.7979990068179)"
117,13463893,St Clair Ave W,Runnymede Rd,117,117,117,ST CLAIR AVE W,RUNNYMEDE RD,6131,0494,St Clair Ave W And Runnymede Rd,,ST CLAIR AVE W,RUNNYMEDE RD,,,,Etobicoke York,York South-Weston(5),,,,12,11,,2017-08-11T04:00:00,"c(-79.4835639906144, 43.6689929996743)"
118,13453141,Warden Ave,Ashtonbee Rd,118,118,118,WARDEN AVE,ASHTONBEE RD,6132,1377,Warden Ave And Ashtonbee Rd,,WARDEN AVE,ASHTONBEE RD,,,,Scarborough,Scarborough Centre(21),,,,41,,,2017-03-13T04:00:00,"c(-79.2887619943645, 43.7307110016848)"
119,13456952,Keele St,Lawrence Ave W,119,119,119,KEELE ST,LAWRENCE AVE W,6134,0428,Keele St And Lawrence Ave W,,KEELE ST,LAWRENCE AVE W,,,,Etobicoke York,York South-Weston(5),,,,12,,,2017-08-11T04:00:00,"c(-79.4780619980855, 43.7086590072417)"
120,13442651,Birchmount Rd,McNicoll Ave,120,120,120,BIRCHMOUNT RD,MCNICOLL AVE,6135,1413,Birchmount Rd And Mcnicoll Ave,,BIRCHMOUNT RD,MCNICOLL AVE,,,,Scarborough,Scarborough-Agincourt(22),,,,42,,,2017-08-11T04:00:00,"c(-79.3111679978823, 43.8086369998735)"
121,13442502,Finch Ave E,Middlefield Rd,121,121,121,FINCH AVE E,MIDDLEFIELD RD,6136,1431,Finch Ave E And Middlefield Rd,,FINCH AVE E,MIDDLEFIELD RD,,,,Scarborough,Scarborough North(23),,,,42,,,2017-03-24T04:00:00,"c(-79.2576989968394, 43.8098879984202)"
122,13459022,Dixon Rd,Islington Ave,122,122,122,DIXON RD,ISLINGTON AVE,6137,0434,Dixon Rd And Islington Ave,,DIXON RD,ISLINGTON AVE,,,,Etobicoke York,Etobicoke North(1),Etobicoke Centre(2),,,23,,,2017-12-19T05:00:00,"c(-79.5467310031199, 43.6970490024325)"
123,13468134,Spadina Ave,Bremner Blvd,123,123,123,SPADINA AVE,BREMNER BLVD,6138,1579,Spadina Ave And Bremner Blvd / Fort York Blvd,,SPADINA AVE,BREMNER BLVD,FORT YORK BLVD,,,Toronto and East York,Spadina-Fort York(10),,,,14,52,,2017-09-28T04:00:00,"c(-79.393004001533, 43.6405620021071)"
124,13469508,The Queensway,Royal York Rd,124,124,124,THE QUEENSWAY,ROYAL YORK RD,6139,0565,The Queensway And Royal York Rd,,THE QUEENSWAY,ROYAL YORK RD,,,,Etobicoke York,Etobicoke-Lakeshore(3),,,,22,,,2017-06-05T04:00:00,"c(-79.5026320022918, 43.6263360042642)"
125,13468803,Lake Shore Blvd W,Strachan Ave,125,125,125,LAKE SHORE BLVD W,STRACHAN AVE,6140,0222,Lake Shore Blvd W And Strachan Ave / Remembrance Dr,,LAKE SHORE BLVD W,STRACHAN AVE,REMEMBRANCE DR,,,Toronto and East York,Spadina-Fort York(10),,,,14,,,2017-10-06T04:00:00,"c(-79.4087450089457, 43.6344420021957)"
126,13448547,Lawrence Ave E,Markham Rd,126,126,126,LAWRENCE AVE E,MARKHAM RD,6141,0420,Lawrence Ave E And Markham Rd,,LAWRENCE AVE E,MARKHAM RD,,,,Scarborough,Scarborough-Guildwood(24),,,,43,,,2017-03-24T04:00:00,"c(-79.2253240008177, 43.7598219974576)"
127,13455910,Jane St,Falstaff Ave,127,127,127,JANE ST,FALSTAFF AVE,6142,0531,Jane St And Falstaff Ave / Gordon Mackay Rd,,JANE ST,FALSTAFF AVE,GORDON MACKAY RD,,,Etobicoke York,York South-Weston(5),,,,12,,,2017-10-20T04:00:00,"c(-79.507223997328, 43.7154560102381)"
128,13454662,Avenue Rd,Lawrence Ave W,128,128,128,AVENUE RD,LAWRENCE AVE W,6143,0119,Avenue Rd And Lawrence Ave W,,AVENUE RD,LAWRENCE AVE W,,,,North York,Eglinton-Lawrence(8),,,,32,53,,2017-03-14T04:00:00,"c(-79.4156090060983, 43.7222550020132)"
129,13443081,Pharmacy Ave,McNicoll Ave,129,129,129,PHARMACY AVE,MCNICOLL AVE,6145,1241,Pharmacy Ave And Mcnicoll Ave,,PHARMACY AVE,MCNICOLL AVE,,,,Scarborough,Scarborough-Agincourt(22),,,,42,,,2017-03-24T04:00:00,"c(-79.330734002608, 43.8041220005354)"
130,13445553,Markham Rd,Progress Ave,130,130,130,MARKHAM RD,PROGRESS AVE,6146,0878,Markham Rd And Progress Ave,,MARKHAM RD,PROGRESS AVE,,,,Scarborough,Scarborough-Guildwood(24),,,,43,,,2017-08-11T04:00:00,"c(-79.2338900025899, 43.7817459980457)"
131,13444062,Markham Rd,Sheppard Ave E,131,131,131,MARKHAM RD,SHEPPARD AVE E,6147,0701,Markham Rd And Sheppard Ave E,,MARKHAM RD,SHEPPARD AVE E,,,,Scarborough,Scarborough North(23),,,,42,,,2017-04-11T04:00:00,"c(-79.2387520051422, 43.7938690047402)"
132,13445096,Don Mills Rd,Van Horne Ave,132,132,132,DON MILLS RD,VAN HORNE AVE,6148,0628,Don Mills Rd And Van Horne Ave,,DON MILLS RD,VAN HORNE AVE,,,,North York,Don Valley North(17),,,,33,,,2017-07-10T04:00:00,"c(-79.3530289956111, 43.7873450079363)"
133,13443095,Sheppard Ave E,Morningside Ave,133,133,133,SHEPPARD AVE E,MORNINGSIDE AVE,6149,1108,Sheppard Ave E And Morningside Ave,,SHEPPARD AVE E,MORNINGSIDE AVE,,,,Scarborough,Scarborough-Rouge Park(25),,,,42,,,2017-03-10T05:00:00,"c(-79.1997710048694, 43.8019740056559)"
134,13443245,Morningside Ave,Milner Ave,134,134,134,MORNINGSIDE AVE,MILNER AVE,6150,1584,Morningside Ave And Milner Ave,,MORNINGSIDE AVE,MILNER AVE,,,,Scarborough,Scarborough-Rouge Park(25),,,,42,,,2017-03-10T05:00:00,"c(-79.1990800062785, 43.8002799962731)"
135,13442363,Kennedy Rd,McNicoll Ave,135,135,135,KENNEDY RD,MCNICOLL AVE,6152,1586,Kennedy Rd And Mcnicoll Ave,,KENNEDY RD,MCNICOLL AVE,,,,Scarborough,Scarborough-Agincourt(22),,,,42,,,2017-09-28T04:00:00,"c(-79.3019450092272, 43.8121360060908)"
136,13446212,Markham Rd,Ellesmere Rd,136,136,136,MARKHAM RD,ELLESMERE RD,6153,0702,Markham Rd And Ellesmere Rd,,MARKHAM RD,ELLESMERE RD,,,,Scarborough,Scarborough-Guildwood(24),,,,43,,,2018-02-16T05:00:00,"c(-79.2317560025442, 43.7764360086941)"
137,13466139,Bloor St W,Keele St,137,137,137,BLOOR ST W,KEELE ST,6154,0328,Bloor St W And Keele St / Parkside Dr,,BLOOR ST W,KEELE ST,PARKSIDE DR,,,Toronto and East York,Parkdale-High Park(4),,,,11,,,2018-09-05T04:00:00,"c(-79.4600479973423, 43.6547070009503)"
138,13461355,Eglinton Ave W,Scarlett Rd,138,138,138,EGLINTON AVE W,SCARLETT RD,6155,0784,Eglinton Ave W And Scarlett Rd,,EGLINTON AVE W,SCARLETT RD,,,,Etobicoke York,Etobicoke Centre(2),,,,23,22,,2019-06-03T04:00:00,"c(-79.5114570043453, 43.6839620012534)"
139,13445306,Steeles Ave W,Dufferin St,139,139,139,STEELES AVE W,DUFFERIN ST,6156,0619,Steeles Ave W And Dufferin St,,STEELES AVE W,DUFFERIN ST,,,,North York,York Centre(6),,,,32,,,2018-09-05T04:00:00,"c(-79.4700889909467, 43.7872830028842)"
140,13463882,Dufferin St,Dupont St,140,140,140,DUFFERIN ST,DUPONT ST,6157,0608,Dufferin St And Dupont St,,DUFFERIN ST,DUPONT ST,,,,Toronto and East York,Davenport(9),,,,11,14,,2018-11-28T05:00:00,"c(-79.4390350096527, 43.6684640112994)"
141,13467841,Bloor St W,Islington Ave,141,141,141,BLOOR ST W,ISLINGTON AVE,6158,0339,Bloor St W And Islington Ave,,BLOOR ST W,ISLINGTON AVE,,,,Etobicoke York,Etobicoke-Lakeshore(3),,,,22,,,2018-11-28T05:00:00,"c(-79.5234379984697, 43.6446480024837)"
142,NA,,,142,142,142,STEELES AVE W,HIGHWAY 27,6159,1793,Steeles Ave W And Highway 27,,STEELES AVE W,HIGHWAY 27,,,,Etobicoke York,Etobicoke North(1),,,,23,,,2019-03-01T05:00:00,"c(-79.6140899949954, 43.7554540002572)"
143,13446608,Sheppard Ave E,Don Mills Rd,143,143,143,SHEPPARD AVE E,DON MILLS RD,6160,0627,Sheppard Ave E And Don Mills Rd,,SHEPPARD AVE E,DON MILLS RD,,,,North York,Don Valley North(17),,,,33,,,2019-09-19T04:00:00,"c(-79.347040002097, 43.7751070040083)"
144,13447608,Steeles Ave W,Signet Dr,144,144,144,STEELES AVE W,SIGNET DR,6161,1232,Steeles Ave W And Signet Dr / Old Weston Rd,,STEELES AVE W,SIGNET DR,OLD WESTON RD,,,Etobicoke York,Humber River-Black Creek(7),,,,31,,,2019-06-03T04:00:00,"c(-79.5434480009718, 43.7709200085331)"
145,13445476,Kennedy Rd,Sheppard Ave E,145,145,145,KENNEDY RD,SHEPPARD AVE E,6162,0752,Kennedy Rd And Sheppard Ave E,,KENNEDY RD,SHEPPARD AVE E,,,,Scarborough,Scarborough-Agincourt(22),,,,42,,,2020-05-27T04:00:00,"c(-79.2882629959488, 43.7832860020415)"
146,13461868,Bathurst St,Nina St,146,146,146,BATHURST ST,NINA ST,6163,0306,Bathurst St And Nina St,,BATHURST ST,NINA ST,,,,Toronto and East York,Toronto-St. Paul's(12),,,,13,,,2020-12-03T05:00:00,"c(-79.4169819991952, 43.6798239968693)"
147,13458353,Avenue Rd,Chaplin Cres,147,147,147,AVENUE RD,CHAPLIN CRES,6166,0116,Avenue Rd And Chaplin Cres,,AVENUE RD,CHAPLIN CRES,,,,Toronto and East York,Toronto-St. Paul's(12),,,,53,,,2022-05-19T04:00:00,"c(-79.4061560052234, 43.6987780017931)"
148,13443575,Brimley Rd,Huntingwood Dr,148,148,148,BRIMLEY RD,HUNTINGWOOD DR,6167,1170,Brimley Rd And Huntingwood Dr,,BRIMLEY RD,HUNTINGWOOD DR,,,,Scarborough,Scarborough North(23),,,,42,,,2021-04-07T04:00:00,"c(-79.2733659976785, 43.7984070025272)"
149,13446436,Brimley Rd,Progress Ave,149,149,149,BRIMLEY RD,PROGRESS AVE,6168,1072,Brimley Rd And Progress Ave,,BRIMLEY RD,PROGRESS AVE,,,,Scarborough,Scarborough Centre(21),,,,41,43,,2021-05-27T04:00:00,"c(-79.2631830057711, 43.7752810004707)"
150,13454867,Kingston Rd,Brimley Rd,150,150,150,KINGSTON RD,BRIMLEY RD,6169,0164,Kingston Rd And Brimley Rd / Brimley Rd S,,KINGSTON RD,BRIMLEY RD,BRIMLEY RD S,,,Scarborough,Scarborough Southwest(20),,,,41,43,,2021-05-25T04:00:00,"c(-79.2403629937362, 43.7182259993558)"
151,13448254,Lawrence Ave E,Scarborough Golf Club Rd,151,151,151,LAWRENCE AVE E,SCARBOROUGH GOLF CLUB RD,6170,0397,Lawrence Ave E And Scarborough Golf Club Rd,,LAWRENCE AVE E,SCARBOROUGH GOLF CLUB RD,,,,Scarborough,Scarborough-Guildwood(24),,,,43,,,2021-05-14T04:00:00,"c(-79.2158379985684, 43.7618520036741)"
152,13441620,Steeles Ave E,Markham Rd,152,152,152,STEELES AVE E,MARKHAM RD,6171,1583,Steeles Ave E And Markham Rd,,STEELES AVE E,MARKHAM RD,,,,Scarborough,Scarborough North(23),,,,42,,,2021-06-30T04:00:00,"c(-79.2511890036955, 43.8365980058072)"
153,13444609,Steeles Ave W,Bathurst St,153,153,153,STEELES AVE W,BATHURST ST,6172,0678,Steeles Ave W And Bathurst St,,STEELES AVE W,BATHURST ST,,,,North York,York Centre(6),Willowdale(18),,,32,,,2021-12-29T05:00:00,"c(-79.4457550064858, 43.7924070075576)"
154,13468144,Strachan Ave,Wellington St W,154,154,154,STRACHAN AVE,WELLINGTON ST W,6173,2403,Strachan Ave And Wellington St W / Douro St,,STRACHAN AVE,WELLINGTON ST W,DOURO ST,,,Toronto and East York,Spadina-Fort York(10),,,,14,,,2021-06-21T04:00:00,"c(-79.4114689982727, 43.6407580008455)"
155,13465166,University Ave,College St,155,155,155,UNIVERSITY AVE,COLLEGE ST,6174,0083,University Ave And College St,,UNIVERSITY AVE,COLLEGE ST,,,,Toronto and East York,University-Rosedale(11),,,,52,,,2021-10-21T04:00:00,"c(-79.3904940096713, 43.6598580027362)"
156,13465980,University Ave,Dundas St W,156,156,156,UNIVERSITY AVE,DUNDAS ST W,6175,0081,University Ave And Dundas St W,,UNIVERSITY AVE,DUNDAS ST W,,,,Toronto and East York,University-Rosedale(11),Spadina-Fort York(10),,,52,,,2021-06-21T04:00:00,"c(-79.3883140021352, 43.6547900061355)"
157,13448519,Warden Ave,Ellesmere Rd,157,157,157,WARDEN AVE,ELLESMERE RD,6176,0694,Warden Ave And Ellesmere Rd,,WARDEN AVE,ELLESMERE RD,,,,Scarborough,Scarborough Centre(21),,,,41,,,2021-06-11T04:00:00,"c(-79.3007509906093, 43.7611930035096)"
158,13443314,Warden Ave,Bridletowne Crcl,158,158,158,WARDEN AVE,BRIDLETOWNE CRCL,6177,1217,Warden Ave And Bridletowne Crcl,SOUTH INTERSECTION,WARDEN AVE,BRIDLETOWNE CRCL,,,,Scarborough,Scarborough-Agincourt(22),,,,42,,,2021-12-16T05:00:00,"c(-79.3138820071934, 43.7921790026872)"
159,13445655,Willowdale Ave,Bishop Ave,159,159,159,WILLOWDALE AVE,BISHOP AVE,6178,1640,Willowdale Ave And Bishop Ave,,WILLOWDALE AVE,BISHOP AVE,,,,North York,Willowdale(18),,,,32,,,2021-04-07T04:00:00,"c(-79.4078709998587, 43.7834400045557)"
160,13442003,Steeles Ave E,Warden Ave,160,160,160,STEELES AVE E,WARDEN AVE,6179,1191,Steeles Ave E And Warden Ave,,STEELES AVE E,WARDEN AVE,,,,Scarborough,Scarborough-Agincourt(22),,,,42,,,2022-09-16T04:00:00,"c(-79.3244359888069, 43.8196309971474)"
161,13445027,Cummer Ave,Willowdale Ave,161,161,161,CUMMER AVE,WILLOWDALE AVE,6180,0806,Cummer Ave And Willowdale Ave,,CUMMER AVE,WILLOWDALE AVE,,,,North York,Willowdale(18),,,,32,,,2021-05-25T04:00:00,"c(-79.409916994778, 43.7886630024238)"
162,13446551,Sheppard Ave E,Victoria Park Ave,162,162,162,SHEPPARD AVE E,VICTORIA PARK AVE,6181,0748,Sheppard Ave E And Victoria Park Ave,,SHEPPARD AVE E,VICTORIA PARK AVE,,,,North York,Don Valley North(17),Scarborough-Agincourt(22),,,33,42,,2021-05-27T04:00:00,"c(-79.3230170005675, 43.7752440086096)"
163,13446970,Bathurst St,Finch Ave W,163,163,163,BATHURST ST,FINCH AVE W,6182,0675,Bathurst St And Finch Ave W,,BATHURST ST,FINCH AVE W,,,,North York,York Centre(6),Willowdale(18),,,32,,,2021-07-29T04:00:00,"c(-79.4430079979777, 43.7738590056771)"
164,13444423,Finch Ave E,Don Mills Rd,164,164,164,FINCH AVE E,DON MILLS RD,6183,0869,Finch Ave E And Don Mills Rd,,FINCH AVE E,DON MILLS RD,,,,North York,Don Valley North(17),,,,33,,,2021-05-07T04:00:00,"c(-79.3547360041712, 43.7926600047163)"
165,13447496,Ellesmere Rd,Midland Ave,165,165,165,ELLESMERE RD,MIDLAND AVE,6184,0697,Ellesmere Rd And Midland Ave,,ELLESMERE RD,MIDLAND AVE,,,,Scarborough,Scarborough Centre(21),,,,41,,,2022-07-28T04:00:00,"c(-79.2711099947681, 43.7679240068039)"
166,13446896,Steeles Ave W,Jane St,166,166,166,STEELES AVE W,JANE ST,6185,0535,Steeles Ave W And Jane St,,STEELES AVE W,JANE ST,,,,Etobicoke York,Humber River-Black Creek(7),,,,31,,,2021-03-05T05:00:00,"c(-79.5217349954741, 43.775470007186)"
167,13452283,Sheppard Ave W,Jane St,167,167,167,SHEPPARD AVE W,JANE ST,6186,0533,Sheppard Ave W And Jane St,,SHEPPARD AVE W,JANE ST,,,,Etobicoke York,Humber River-Black Creek(7),York Centre(6),,,31,,,2021-05-14T04:00:00,"c(-79.5132209984939, 43.7393890046471)"
168,13449830,Lawrence Ave E,Midland Ave,168,168,168,LAWRENCE AVE E,MIDLAND AVE,6187,0413,Lawrence Ave E And Midland Ave,,LAWRENCE AVE E,MIDLAND AVE,,,,Scarborough,Scarborough Centre(21),,,,41,,,2021-09-30T04:00:00,"c(-79.2650520049525, 43.7515209975058)"
169,13446827,McCowan Rd,Ellesmere Rd,169,169,169,MCCOWAN RD,ELLESMERE RD,6188,0699,Mccowan Rd And Ellesmere Rd,,MCCOWAN RD,ELLESMERE RD,,,,Scarborough,Scarborough Centre(21),Scarborough-Guildwood(24),,,43,,,2021-08-27T04:00:00,"c(-79.251497995166, 43.7721420056226)"
170,13454098,Dufferin St,Bridgeland Ave,170,170,170,DUFFERIN ST,BRIDGELAND AVE,6189,0616,Dufferin St And Bridgeland Ave / Yorkdale Rd,,DUFFERIN ST,BRIDGELAND AVE,YORKDALE RD,,,North York,Eglinton-Lawrence(8),,,,32,,,2022-07-22T04:00:00,"c(-79.4576530092748, 43.7269950077038)"
171,13447827,McCowan Rd,Brimorton Dr,171,171,171,MCCOWAN RD,BRIMORTON DR,6190,0951,Mccowan Rd And Brimorton Dr,,MCCOWAN RD,BRIMORTON DR,,,,Scarborough,Scarborough Centre(21),Scarborough-Guildwood(24),,,43,,,2021-06-11T04:00:00,"c(-79.2489580019758, 43.7654209967952)"
172,NA,,,172,172,172,HIGHWAY 27,REXDALE BLVD,6191,1161,Highway 27 And Rexdale Blvd,,HIGHWAY 27,REXDALE BLVD,,,,Etobicoke York,Etobicoke North(1),,,,23,,,2021-06-11T04:00:00,"c(-79.5956219954628, 43.717268007419)"
173,13452437,Bathurst St,Wilson Ave,173,173,173,BATHURST ST,WILSON AVE,6192,0320,Bathurst St And Wilson Ave,,BATHURST ST,WILSON AVE,,,,North York,York Centre(6),,,,32,,,2021-06-29T04:00:00,"c(-79.4340050046302, 43.7373540023486)"
174,13465860,Jarvis St,Shuter St,174,174,174,JARVIS ST,SHUTER ST,6193,0007,Jarvis St And Shuter St,,JARVIS ST,SHUTER ST,,,,Toronto and East York,Toronto Centre(13),,,,51,,,2021-06-03T04:00:00,"c(-79.3739169933193, 43.6553610036448)"
175,13448487,Lawrence Ave E,Greencrest Crct,175,175,175,LAWRENCE AVE E,GREENCREST CRCT,6194,1005,Lawrence Ave E And Greencrest Crct / Greenholm Crct,,LAWRENCE AVE E,GREENCREST CRCT,GREENHOLM CRCT,,,Scarborough,Scarborough-Guildwood(24),,,,43,,,2021-07-29T04:00:00,"c(-79.2229820032987, 43.7603119953437)"
176,13449574,Steeles Ave W,Martin Grove Rd,176,176,176,STEELES AVE W,MARTIN GROVE RD,6195,1486,Steeles Ave W And Martin Grove Rd,,STEELES AVE W,MARTIN GROVE RD,,,,Etobicoke York,Etobicoke North(1),,,,23,,,2021-06-29T04:00:00,"c(-79.6033810035634, 43.7578610076682)"
177,14134984,Lake Shore Blvd W,Lower Simcoe St,177,177,177,LAKE SHORE BLVD W,LOWER SIMCOE ST,6196,1747,Lake Shore Blvd W And Lower Simcoe St,,LAKE SHORE BLVD W,LOWER SIMCOE ST,,,,Toronto and East York,Spadina-Fort York(10),,,,52,,,2021-09-13T04:00:00,"c(-79.3831869970504, 43.6403400048128)"
178,13458216,Martin Grove Rd,Belfield Rd,178,178,178,MARTIN GROVE RD,BELFIELD RD,6197,0789,Martin Grove Rd And Belfield Rd,,MARTIN GROVE RD,BELFIELD RD,,,,Etobicoke York,Etobicoke North(1),,,,23,,,2021-07-29T04:00:00,"c(-79.5756320005708, 43.7019480092184)"
179,13442251,Finch Ave E,Markham Rd,179,179,179,FINCH AVE E,MARKHAM RD,6198,1257,Finch Ave E And Markham Rd,,FINCH AVE E,MARKHAM RD,,,,Scarborough,Scarborough North(23),,,,42,,,2021-06-03T04:00:00,"c(-79.2430759998232, 43.8129710006548)"
180,13443837,Finch Ave E,Warden Ave,180,180,180,FINCH AVE E,WARDEN AVE,6199,1035,Finch Ave E And Warden Ave,,FINCH AVE E,WARDEN AVE,,,,Scarborough,Scarborough-Agincourt(22),,,,42,,,2021-06-30T04:00:00,"c(-79.315766003199, 43.7967720021073)"
181,13451212,Lawrence Ave E,Pharmacy Ave,181,181,181,LAWRENCE AVE E,PHARMACY AVE,6200,0408,Lawrence Ave E And Pharmacy Ave,,LAWRENCE AVE E,PHARMACY AVE,,,,Scarborough,Scarborough Centre(21),,,,41,,,2021-07-29T04:00:00,"c(-79.3046450113134, 43.7432420025631)"
182,13464451,Jane St,Dundas St W,182,182,182,JANE ST,DUNDAS ST W,6201,0185,Jane St And Dundas St W,,JANE ST,DUNDAS ST W,,,,Toronto and East York,Parkdale-High Park(4),,,,11,,,2022-05-19T04:00:00,"c(-79.4911860014992, 43.6657339991971)"
183,13452119,Eglinton Ave E,Brimley Rd,183,183,183,EGLINTON AVE E,BRIMLEY RD,6202,0462,Eglinton Ave E And Brimley Rd,,EGLINTON AVE E,BRIMLEY RD,,,,Scarborough,Scarborough Centre(21),Scarborough Southwest(20),,,41,43,,2022-08-29T04:00:00,"c(-79.2480839990685, 43.7366960072987)"
184,13450997,Eglinton Ave E,Markham Rd,184,184,184,EGLINTON AVE E,MARKHAM RD,6203,0463,Eglinton Ave E And Markham Rd,,EGLINTON AVE E,MARKHAM RD,,,,Scarborough,Scarborough Southwest(20),Scarborough-Guildwood(24),,,43,,,2021-06-23T04:00:00,"c(-79.2189130009699, 43.7431820018927)"
185,13445861,McCowan Rd,Consilium Pl,185,185,185,MCCOWAN RD,CONSILIUM PL,6204,0940,Mccowan Rd And Consilium Pl / 401 C E Mccowan Rd Ramp,HWY 401 SOUTH INTERSECTION,MCCOWAN RD,CONSILIUM PL,401 C E MCCOWAN RD RAMP,,,Scarborough,Scarborough Centre(21),Scarborough-Guildwood(24),,,43,,,2022-10-14T04:00:00,"c(-79.2542179919047, 43.7795880023281)"
186,13455129,St Clair Ave E,Danforth Rd,186,186,186,ST CLAIR AVE E,DANFORTH RD,6205,0392,St Clair Ave E And Danforth Rd,,ST CLAIR AVE E,DANFORTH RD,,,,Scarborough,Scarborough Southwest(20),,,,41,,,2021-04-27T04:00:00,"c(-79.2599200046733, 43.716846011755)"
187,13449204,Lawrence Ave E,McCowan Rd,187,187,187,LAWRENCE AVE E,MCCOWAN RD,6206,0380,Lawrence Ave E And Mccowan Rd,,LAWRENCE AVE E,MCCOWAN RD,,,,Scarborough,Scarborough Centre(21),Scarborough-Guildwood(24),,,43,,,2021-08-16T04:00:00,"c(-79.2454219966348, 43.7555480047005)"
188,20154546,Morningside Ave,401 C W Morningside Ave N Ramp,188,188,188,MORNINGSIDE AVE,401 C W MORNINGSIDE AVE N RAMP,6207,1546,Morningside Ave And 401 C W Morningside Ave N Ramp / Cinemart Dr,HWY 401 NORTH INTERSECTION,MORNINGSIDE AVE,401 C W MORNINGSIDE AVE N RAMP,CINEMART DR,,,Scarborough,Scarborough-Rouge Park(25),,,,42,,,2021-06-23T04:00:00,"c(-79.1977450106576, 43.7978289967425)"
189,13447492,Bellamy Rd N,Brimorton Dr,189,189,189,BELLAMY RD N,BRIMORTON DR,6208,1017,Bellamy Rd N And Brimorton Dr,,BELLAMY RD N,BRIMORTON DR,,,,Scarborough,Scarborough-Guildwood(24),,,,43,,,2021-06-03T04:00:00,"c(-79.23916500512, 43.7674520013201)"
190,13449428,Weston Rd,Fenmar Dr,190,190,190,WESTON RD,FENMAR DR,6209,1149,Weston Rd And Fenmar Dr,,WESTON RD,FENMAR DR,,,,Etobicoke York,Humber River-Black Creek(7),,,,31,,,2021-07-29T04:00:00,"c(-79.543761993849, 43.7574660031374)"
191,13441776,Markham Rd,McNicoll Ave,191,191,191,MARKHAM RD,MCNICOLL AVE,6210,1560,Markham Rd And Mcnicoll Ave,,MARKHAM RD,MCNICOLL AVE,,,,Scarborough,Scarborough North(23),,,,42,,,2021-06-11T04:00:00,"c(-79.247816998906, 43.8239970063578)"
192,13450818,Lawrence Ave E,Warden Ave,192,192,192,LAWRENCE AVE E,WARDEN AVE,6211,0409,Lawrence Ave E And Warden Ave,,LAWRENCE AVE E,WARDEN AVE,,,,Scarborough,Scarborough Centre(21),,,,41,,,2021-06-23T04:00:00,"c(-79.2947299975949, 43.7453760055059)"
193,13462349,Kipling Ave,Widdicombe Hill,193,193,193,KIPLING AVE,WIDDICOMBE HILL,6212,1359,Kipling Ave And Widdicombe Hill / Widdicombe Hill Blvd,,KIPLING AVE,WIDDICOMBE HILL,WIDDICOMBE HILL BLVD,,,Etobicoke York,Etobicoke Centre(2),,,,23,,,2021-08-16T04:00:00,"c(-79.5517119968769, 43.6789370037179)"
194,13446075,Sheppard Ave E,Warden Ave,194,194,194,SHEPPARD AVE E,WARDEN AVE,6213,0750,Sheppard Ave E And Warden Ave,,SHEPPARD AVE E,WARDEN AVE,,,,Scarborough,Scarborough-Agincourt(22),,,,42,,,2021-12-29T05:00:00,"c(-79.30790499033, 43.7787310059445)"
195,13449501,Lawrence Ave E,Brimley Rd,195,195,195,LAWRENCE AVE E,BRIMLEY RD,6214,0414,Lawrence Ave E And Brimley Rd,,LAWRENCE AVE E,BRIMLEY RD,,,,Scarborough,Scarborough Centre(21),,,,41,43,,2021-08-27T04:00:00,"c(-79.2553669940847, 43.75352600203)"
196,13450458,William R Allen Rd,Sheppard Ave W,196,196,196,WILLIAM R ALLEN RD,SHEPPARD AVE W,6215,1407,William R Allen Rd And Sheppard Ave W,,WILLIAM R ALLEN RD,SHEPPARD AVE W,,,,North York,York Centre(6),,,,32,,,2021-06-29T04:00:00,"c(-79.4633900003128, 43.7502510064068)"
197,13441919,Midland Ave,Copthorne Ave,197,197,197,MIDLAND AVE,COPTHORNE AVE,6216,1565,Midland Ave And Copthorne Ave / Passmore Ave,,MIDLAND AVE,COPTHORNE AVE,PASSMORE AVE,,,Scarborough,Scarborough-Agincourt(22),Scarborough North(23),,,42,,,2021-08-16T04:00:00,"c(-79.2949340100423, 43.8207070058596)"
198,13452186,Lawrence Ave E,The Donway E,198,198,198,LAWRENCE AVE E,THE DONWAY E,6217,0403,Lawrence Ave E And The Donway E,,LAWRENCE AVE E,THE DONWAY E,,,,North York,Don Valley East(16),,,,33,,,2022-07-13T04:00:00,"c(-79.3409769972931, 43.7376949952709)"
199,13445219,Sheppard Ave E,Midland Ave,199,199,199,SHEPPARD AVE E,MIDLAND AVE,6218,0862,Sheppard Ave E And Midland Ave,,SHEPPARD AVE E,MIDLAND AVE,,,,Scarborough,Scarborough-Agincourt(22),Scarborough North(23),,,42,,,2022-09-27T04:00:00,"c(-79.2785700014687, 43.7853480059608)"
200,13442528,Steeles Ave E,Don Mills Rd,200,200,200,STEELES AVE E,DON MILLS RD,6219,1038,Steeles Ave E And Don Mills Rd,,STEELES AVE E,DON MILLS RD,,,,North York,Don Valley North(17),,,,33,,,2021-09-13T04:00:00,"c(-79.3607760036512, 43.8111839970382)"
201,13455179,St Clair Ave E,Kennedy Rd,201,201,201,ST CLAIR AVE E,KENNEDY RD,6220,0475,St Clair Ave E And Kennedy Rd,,ST CLAIR AVE E,KENNEDY RD,,,,Scarborough,Scarborough Southwest(20),,,,41,,,2022-12-21T05:00:00,"c(-79.2613339983195, 43.7165249998306)"
202,13454001,Danforth Rd,Midland Ave,202,202,202,DANFORTH RD,MIDLAND AVE,6221,0377,Danforth Rd And Midland Ave,,DANFORTH RD,MIDLAND AVE,,,,Scarborough,Scarborough Southwest(20),,,,41,,,2022-12-28T05:00:00,"c(-79.2539609986464, 43.7248270048835)"
203,13442643,Finch Ave E,McCowan Rd,203,203,203,FINCH AVE E,MCCOWAN RD,6222,1176,Finch Ave E And Mccowan Rd,,FINCH AVE E,MCCOWAN RD,,,,Scarborough,Scarborough North(23),,,,42,,,2021-11-09T05:00:00,"c(-79.2665059922644, 43.8080259992832)"
204,13441814,Steeles Ave E,Kennedy Rd,204,204,204,STEELES AVE E,KENNEDY RD,6223,1192,Steeles Ave E And Kennedy Rd,,STEELES AVE E,KENNEDY RD,,,,Scarborough,Scarborough-Agincourt(22),,,,42,,,2022-11-23T05:00:00,"c(-79.3070660087638, 43.8236890021241)"
205,13445620,Steeles Ave W,Alness St,205,205,205,STEELES AVE W,ALNESS ST,6224,1231,Steeles Ave W And Alness St,,STEELES AVE W,ALNESS ST,,,,North York,York Centre(6),,,,32,,,2021-07-29T04:00:00,"c(-79.481056997688, 43.7847000015855)"
206,13443499,Markham Rd,McLevin Ave,206,206,206,MARKHAM RD,MCLEVIN AVE,6225,1239,Markham Rd And Mclevin Ave / Nugget Ave,,MARKHAM RD,MCLEVIN AVE,NUGGET AVE,,,Scarborough,Scarborough North(23),,,,42,,,2021-12-29T05:00:00,"c(-79.2410409983707, 43.798555006947)"
207,13467307,Burnhamthorpe Rd,Martin Grove Rd,207,207,207,BURNHAMTHORPE RD,MARTIN GROVE RD,6226,0785,Burnhamthorpe Rd And Martin Grove Rd,,BURNHAMTHORPE RD,MARTIN GROVE RD,,,,Etobicoke York,Etobicoke Centre(2),,,,22,,,2022-08-29T04:00:00,"c(-79.5489809979942, 43.6488059964487)"
208,13467918,Burnhamthorpe Rd,The West Mall,208,208,208,BURNHAMTHORPE RD,THE WEST MALL,6227,0875,Burnhamthorpe Rd And The West Mall,,BURNHAMTHORPE RD,THE WEST MALL,,,,Etobicoke York,Etobicoke Centre(2),,,,22,,,2021-08-27T04:00:00,"c(-79.5672500121821, 43.6445520063353)"
209,13444590,Markham Rd,Milner Ave,209,209,209,MARKHAM RD,MILNER AVE,6228,1203,Markham Rd And Milner Ave,,MARKHAM RD,MILNER AVE,,,,Scarborough,Scarborough North(23),,,,42,,,2021-09-27T04:00:00,"c(-79.2370580017317, 43.789554000022)"
210,13452853,Finch Ave W,Martin Grove Rd,210,210,210,FINCH AVE W,MARTIN GROVE RD,6229,0992,Finch Ave W And Martin Grove Rd,,FINCH AVE W,MARTIN GROVE RD,,,,Etobicoke York,Etobicoke North(1),,,,23,,,2021-12-29T05:00:00,"c(-79.5917030015765, 43.7367719992734)"
211,13464218,Jane St,St Clair Ave W,211,211,211,JANE ST,ST CLAIR AVE W,6230,0495,Jane St And St Clair Ave W,,JANE ST,ST CLAIR AVE W,,,,Etobicoke York,York South-Weston(5),,,,12,11,,2021-08-16T04:00:00,"c(-79.4917669900948, 43.6671840047067)"
212,13442074,Finch Ave E,Neilson Rd,212,212,212,FINCH AVE E,NEILSON RD,6231,1587,Finch Ave E And Neilson Rd,,FINCH AVE E,NEILSON RD,,,,Scarborough,Scarborough North(23),Scarborough-Rouge Park(25),,,42,,,2021-09-30T04:00:00,"c(-79.2276000011759, 43.8162650011277)"
213,13450586,Lawrence Ave E,Howden Rd,213,213,213,LAWRENCE AVE E,HOWDEN RD,6232,1284,Lawrence Ave E And Howden Rd / Underwriters Rd,,LAWRENCE AVE E,HOWDEN RD,UNDERWRITERS RD,,,Scarborough,Scarborough Centre(21),,,,41,,,2021-12-16T05:00:00,"c(-79.2879609941987, 43.7468220061773)"
214,13442174,Finch Ave E,Tapscott Rd,214,214,214,FINCH AVE E,TAPSCOTT RD,6233,1258,Finch Ave E And Tapscott Rd,,FINCH AVE E,TAPSCOTT RD,,,,Scarborough,Scarborough North(23),,,,42,,,2023-01-18T05:00:00,"c(-79.2371370013515, 43.8142170010598)"
215,13443302,Kennedy Rd,Finch Ave E,215,215,215,KENNEDY RD,FINCH AVE E,6234,1021,Kennedy Rd And Finch Ave E,,KENNEDY RD,FINCH AVE E,,,,Scarborough,Scarborough-Agincourt(22),,,,42,,,2021-11-09T05:00:00,"c(-79.2965979921245, 43.8012680068432)"
216,13446040,Finch Ave E,Kenneth Ave,216,216,216,FINCH AVE E,KENNETH AVE,6235,1205,Finch Ave E And Kenneth Ave,,FINCH AVE E,KENNETH AVE,,,,North York,Willowdale(18),,,,32,,,2022-08-29T04:00:00,"c(-79.4123149915302, 43.7804750101607)"
217,13455952,Warden Ave,St Clair Ave E,217,217,217,WARDEN AVE,ST CLAIR AVE E,6236,0473,Warden Ave And St Clair Ave E,,WARDEN AVE,ST CLAIR AVE E,,,,Scarborough,Scarborough Southwest(20),,,,41,,,2022-12-21T05:00:00,"c(-79.2810030013003, 43.7120450072188)"
218,13448022,Willowdale Ave,Spring Garden Ave,218,218,218,WILLOWDALE AVE,SPRING GARDEN AVE,6237,2473,Willowdale Ave And Spring Garden Ave,,WILLOWDALE AVE,SPRING GARDEN AVE,,,,North York,Willowdale(18),,,,32,,,2021-08-27T04:00:00,"c(-79.4009059964784, 43.7663430021023)"
219,NA,,,219,219,219,O CONNOR DR,SUNRISE AVE,6238,0520,O Connor Dr And Sunrise Ave,,O CONNOR DR,SUNRISE AVE,,,,North York,Don Valley East(16),Beaches-East York(19),,,54,,,2021-11-09T05:00:00,"c(-79.3044680026261, 43.7189060068888)"
220,13457328,Martin Grove Rd,Bethridge Rd,220,220,220,MARTIN GROVE RD,BETHRIDGE RD,6239,1086,Martin Grove Rd And Bethridge Rd,,MARTIN GROVE RD,BETHRIDGE RD,,,,Etobicoke York,Etobicoke North(1),,,,23,,,2021-09-30T04:00:00,"c(-79.5782439915549, 43.7075449991539)"
221,13447347,Kingston Rd,Lawrence Ave E,221,221,221,KINGSTON RD,LAWRENCE AVE E,6240,0144,Kingston Rd And Lawrence Ave E,,KINGSTON RD,LAWRENCE AVE E,,,,Scarborough,Scarborough-Guildwood(24),,,,43,,,2022-11-14T05:00:00,"c(-79.1896089953668, 43.7676529995469)"
222,13447139,Ellesmere Rd,Brimley Rd,222,222,222,ELLESMERE RD,BRIMLEY RD,6241,0698,Ellesmere Rd And Brimley Rd,,ELLESMERE RD,BRIMLEY RD,,,,Scarborough,Scarborough Centre(21),,,,41,43,,2022-07-28T04:00:00,"c(-79.2613310111036, 43.7700650058419)"
223,13444901,Brimley Rd,Sheppard Ave E,223,223,223,BRIMLEY RD,SHEPPARD AVE E,6242,1109,Brimley Rd And Sheppard Ave E,,BRIMLEY RD,SHEPPARD AVE E,,,,Scarborough,Scarborough North(23),,,,42,,,2021-09-27T04:00:00,"c(-79.2683120020163, 43.7875780115527)"
224,13448822,Markham Rd,Greencedar Crct,224,224,224,MARKHAM RD,GREENCEDAR CRCT,6243,0704,Markham Rd And Greencedar Crct / Greencrest Crct,,MARKHAM RD,GREENCEDAR CRCT,GREENCREST CRCT,,,Scarborough,Scarborough-Guildwood(24),,,,43,,,2021-08-27T04:00:00,"c(-79.2247089902657, 43.7578400050447)"
225,NA,,,225,225,225,REXDALE BLVD,QUEENS PLATE DR,6244,1668,Rexdale Blvd And Queens Plate Dr,EAST INTERSECTION,REXDALE BLVD,QUEENS PLATE DR,,,,Etobicoke York,Etobicoke North(1),,,,23,,,2022-11-02T04:00:00,"c(-79.5926150038854, 43.7165310032397)"
226,NA,,,226,226,226,YONGE ST,RICHMOND ST,6245,0033,Yonge St And Richmond St,,YONGE ST,RICHMOND ST,,,,Toronto and East York,Toronto Centre(13),,,,51,52,,2022-09-16T04:00:00,"c(-79.3789840090281, 43.6516920007317)"
227,13469971,Evans Ave,Horner Ave,227,227,227,EVANS AVE,HORNER AVE,6246,0774,Evans Ave And Horner Ave,,EVANS AVE,HORNER AVE,,,,Etobicoke York,Etobicoke-Lakeshore(3),,,,22,,,2021-09-30T04:00:00,"c(-79.5188459932174, 43.6169930013198)"
228,13442179,Steeles Ave E,Victoria Park Ave,228,228,228,STEELES AVE E,VICTORIA PARK AVE,6247,1142,Steeles Ave E And Victoria Park Ave,,STEELES AVE E,VICTORIA PARK AVE,,,,North York,Don Valley North(17),Scarborough-Agincourt(22),,,33,42,,2023-01-18T05:00:00,"c(-79.3413169998851, 43.8156500059062)"
229,13465689,Dundas St W,Royal York Rd,229,229,229,DUNDAS ST W,ROYAL YORK RD,6248,1852,Dundas St W And Royal York Rd / Private Access @ 275m East Of - Kingsway Mills Plaza,,DUNDAS ST W,ROYAL YORK RD,PRIVATE ACCESS,275M EAST OF,KINGSWAY MILLS PLAZA,Etobicoke York,Etobicoke Centre(2),Etobicoke-Lakeshore(3),,,22,,,2021-10-21T04:00:00,"c(-79.5135780034782, 43.6594600022959)"
230,13441833,McCowan Rd,Alton Towers Crcl,230,230,230,MCCOWAN RD,ALTON TOWERS CRCL,6249,1711,Mccowan Rd And Alton Towers Crcl @ 210m South Of,ALTON TOWERS CRCL (NORTH),MCCOWAN RD,ALTON TOWERS CRCL,,210M SOUTH OF,,Scarborough,Scarborough North(23),,,,42,,,2021-11-09T05:00:00,"c(-79.2751400030519, 43.8250800011958)"
231,13454821,Jane St,William Cragg Dr,231,231,231,JANE ST,WILLIAM CRAGG DR,6250,1472,Jane St And William Cragg Dr / Private Access @ 70m North Of - Sheridan Mall,,JANE ST,WILLIAM CRAGG DR,PRIVATE ACCESS,70M NORTH OF,SHERIDAN MALL,Etobicoke York,Humber River-Black Creek(7),York Centre(6),,,31,,,2021-12-16T05:00:00,"c(-79.5091200039297, 43.7229899950159)"
232,13444720,Neilson Rd,Military Trl,232,232,232,NEILSON RD,MILITARY TRL,6251,1423,Neilson Rd And Military Trl,,NEILSON RD,MILITARY TRL,,,,Scarborough,Scarborough-Guildwood(24),,,,43,,,2022-03-17T04:00:00,"c(-79.2083430021465, 43.7879720042868)"
233,13453576,Martin Grove Rd,John Garland Blvd,233,233,233,MARTIN GROVE RD,JOHN GARLAND BLVD,6252,1132,Martin Grove Rd And John Garland Blvd,,MARTIN GROVE RD,JOHN GARLAND BLVD,,,,Etobicoke York,Etobicoke North(1),,,,23,,,2022-02-10T05:00:00,"c(-79.5894230008677, 43.7320220035084)"
234,NA,,,234,234,234,LAKE SHORE BLVD W,FLEET ST,6253,0216,Lake Shore Blvd W And Fleet St / Bathurst St,,LAKE SHORE BLVD W,FLEET ST,BATHURST ST,,,Toronto and East York,Spadina-Fort York(10),,,,14,,,2022-09-16T04:00:00,"c(-79.3996490015435, 43.6364840035827)"
235,13445452,Bayview Ave,Finch Ave E,235,235,235,BAYVIEW AVE,FINCH AVE E,6254,0650,Bayview Ave And Finch Ave E,,BAYVIEW AVE,FINCH AVE E,,,,North York,Willowdale(18),Don Valley North(17),,,33,32,,2022-08-19T04:00:00,"c(-79.3921470048099, 43.7850049957481)"
236,NA,,,236,236,236,O CONNOR DR,PAPE AVE,6255,0442,O Connor Dr And Pape Ave,,O CONNOR DR,PAPE AVE,,,,Toronto and East York,Toronto-Danforth(14),,,,54,,,2022-03-17T04:00:00,"c(-79.3502909970486, 43.6932410046036)"
237,13442843,Meadowvale Rd,Dean Park Rd,237,237,237,MEADOWVALE RD,DEAN PARK RD,6256,1499,Meadowvale Rd And Dean Park Rd / Generation Blvd,,MEADOWVALE RD,DEAN PARK RD,GENERATION BLVD,,,Scarborough,Scarborough-Rouge Park(25),,,,42,,,2022-03-30T04:00:00,"c(-79.1687879979813, 43.8042250062252)"
238,13445039,Ellesmere Rd,Morningside Ave,238,238,238,ELLESMERE RD,MORNINGSIDE AVE,6257,0719,Ellesmere Rd And Morningside Ave,,ELLESMERE RD,MORNINGSIDE AVE,,,,Scarborough,Scarborough-Guildwood(24),Scarborough-Rouge Park(25),,,43,,,2022-12-21T05:00:00,"c(-79.1933420001643, 43.7853440023859)"
239,13441833,McCowan Rd,Alton Towers Crcl,239,239,239,MCCOWAN RD,ALTON TOWERS CRCL,6258,1539,Mccowan Rd And Alton Towers Crcl,NORTH INTERSECTION,MCCOWAN RD,ALTON TOWERS CRCL,,,,Scarborough,Scarborough North(23),,,,42,,,2022-07-28T04:00:00,"c(-79.2759079992736, 43.8268960015146)"
240,13449213,Islington Ave,Millwick Dr,240,240,240,ISLINGTON AVE,MILLWICK DR,6259,1199,Islington Ave And Millwick Dr / Muir Ave,,ISLINGTON AVE,MILLWICK DR,MUIR AVE,,,Etobicoke York,Humber River-Black Creek(7),,,,31,,,2022-08-29T04:00:00,"c(-79.5718189909664, 43.7600270034727)"
241,13456330,Pharmacy Ave,St Clair Ave E,241,241,241,PHARMACY AVE,ST CLAIR AVE E,6260,0472,Pharmacy Ave And St Clair Ave E,,PHARMACY AVE,ST CLAIR AVE E,,,,Scarborough,Scarborough Southwest(20),,,,41,,,2022-08-29T04:00:00,"c(-79.2909300110199, 43.7098510040155)"
242,13444177,Yonge St,Athabaska Ave,242,242,242,YONGE ST,ATHABASKA AVE,6261,1381,Yonge St And Athabaska Ave / Private Access @ Centrepoint Mall,,YONGE ST,ATHABASKA AVE,PRIVATE ACCESS,,CENTREPOINT MALL,North York,Willowdale(18),,,,32,,,2022-08-29T04:00:00,"c(-79.4194219960239, 43.7954760024605)"
243,13446506,McCowan Rd,Bushby Dr,243,243,243,MCCOWAN RD,BUSHBY DR,6262,1356,Mccowan Rd And Bushby Dr / Town Centre Crt,,MCCOWAN RD,BUSHBY DR,TOWN CENTRE CRT,,,Scarborough,Scarborough Centre(21),Scarborough-Guildwood(24),,,43,,,2022-08-28T04:00:00,"c(-79.2522389937723, 43.7745740093732)"
244,13447597,Yonge St,Empress Ave,244,244,244,YONGE ST,EMPRESS AVE,6263,0126,Yonge St And Empress Ave / Park Home Ave,,YONGE ST,EMPRESS AVE,PARK HOME AVE,,,North York,Willowdale(18),,,,32,,,2022-08-29T04:00:00,"c(-79.4129040055659, 43.7692740069647)"
245,13445257,Warden Ave,Huntingwood Dr,245,245,245,WARDEN AVE,HUNTINGWOOD DR,6264,0871,Warden Ave And Huntingwood Dr,,WARDEN AVE,HUNTINGWOOD DR,,,,Scarborough,Scarborough-Agincourt(22),,,,42,,,2022-03-17T04:00:00,"c(-79.3109519999502, 43.7854770033652)"
246,13450484,Lawrence Ave E,Birchmount Rd,246,246,246,LAWRENCE AVE E,BIRCHMOUNT RD,6265,0410,Lawrence Ave E And Birchmount Rd,,LAWRENCE AVE E,BIRCHMOUNT RD,,,,Scarborough,Scarborough Centre(21),,,,41,,,2022-07-28T04:00:00,"c(-79.2848360045755, 43.7475180081847)"
247,13467463,Bloor St W,Royal York Rd,247,247,247,BLOOR ST W,ROYAL YORK RD,6266,0338,Bloor St W And Royal York Rd,,BLOOR ST W,ROYAL YORK RD,,,,Etobicoke York,Etobicoke-Lakeshore(3),,,,22,,,2022-05-20T04:00:00,"c(-79.5113630013473, 43.6473619977117)"
248,13462655,Eglinton Ave W,Kipling Ave,248,248,248,EGLINTON AVE W,KIPLING AVE,6267,0729,Eglinton Ave W And Kipling Ave,,EGLINTON AVE W,KIPLING AVE,,,,Etobicoke York,Etobicoke Centre(2),,,,23,22,,2022-06-29T04:00:00,"c(-79.5508909949966, 43.677178001683)"
249,13469836,The East Mall,North Queen St,249,249,249,THE EAST MALL,NORTH QUEEN ST,6268,1056,The East Mall And North Queen St,,THE EAST MALL,NORTH QUEEN ST,,,,Etobicoke York,Etobicoke-Lakeshore(3),,,,22,,,2022-07-22T04:00:00,"c(-79.549415000337, 43.6204750002984)"
250,13452047,Albion Rd,Martin Grove Rd,250,250,250,ALBION RD,MARTIN GROVE RD,6269,0791,Albion Rd And Martin Grove Rd,,ALBION RD,MARTIN GROVE RD,,,,Etobicoke York,Etobicoke North(1),,,,23,,,2022-10-11T04:00:00,"c(-79.5942099901989, 43.7419240050588)"
251,13454806,Islington Ave,Elmhurst Dr,251,251,251,ISLINGTON AVE,ELMHURST DR,6270,0716,Islington Ave And Elmhurst Dr,,ISLINGTON AVE,ELMHURST DR,,,,Etobicoke York,Etobicoke North(1),,,,23,,,2022-07-13T04:00:00,"c(-79.5589219980633, 43.7231120089769)"
252,13452130,Pharmacy Ave,Surrey Ave,252,252,252,PHARMACY AVE,SURREY AVE,6271,0688,Pharmacy Ave And Surrey Ave,,PHARMACY AVE,SURREY AVE,,,,Scarborough,Scarborough Centre(21),,,,41,,,2022-09-16T04:00:00,"c(-79.3022800057198, 43.7374140047454)"
253,13454472,Keele St,401 C W Keele St Ramp,253,253,253,KEELE ST,401 C W KEELE ST RAMP,6272,0596,Keele St And 401 C W Keele St Ramp / Keele St S 401 C W Ramp,,KEELE ST,401 C W KEELE ST RAMP,KEELE ST S 401 C W RAMP,,,North York,York Centre(6),,,,31,,,2022-05-20T04:00:00,"c(-79.4815900059419, 43.7244430094497)"
254,13465038,Jarvis St,Gerrard St E,254,254,254,JARVIS ST,GERRARD ST E,6273,0009,Jarvis St And Gerrard St E,,JARVIS ST,GERRARD ST E,,,,Toronto and East York,Toronto Centre(13),,,,51,,,2022-07-22T04:00:00,"c(-79.3758989989773, 43.660439005871)"
255,13443760,Sheppard Ave E,Lapsley Rd,255,255,255,SHEPPARD AVE E,LAPSLEY RD,6274,1141,Sheppard Ave E And Lapsley Rd / Washburn Way,,SHEPPARD AVE E,LAPSLEY RD,WASHBURN WAY,,,Scarborough,Scarborough North(23),,,,42,,,2022-11-02T04:00:00,"c(-79.2275419972452, 43.7961480019253)"
256,13441635,Steeles Ave E,Middlefield Rd,256,256,256,STEELES AVE E,MIDDLEFIELD RD,6275,1554,Steeles Ave E And Middlefield Rd,,STEELES AVE E,MIDDLEFIELD RD,,,,Scarborough,Scarborough North(23),,,,42,,,2022-06-29T04:00:00,"c(-79.2679619999974, 43.8327040020182)"
257,13444794,Victoria Park Ave,Van Horne Ave,257,257,257,VICTORIA PARK AVE,VAN HORNE AVE,6276,0994,Victoria Park Ave And Van Horne Ave / Ferncrest Gt,,VICTORIA PARK AVE,VAN HORNE AVE,FERNCREST GT,,,North York,Don Valley North(17),Scarborough-Agincourt(22),,,33,42,,2022-07-22T04:00:00,"c(-79.3295860000834, 43.7892510067454)"
258,14606950,Morningside Ave,Finch Ave E,258,258,258,MORNINGSIDE AVE,FINCH AVE E,6277,2046,Morningside Ave And Finch Ave E / Staines Rd,,MORNINGSIDE AVE,FINCH AVE E,STAINES RD,,,Scarborough,Scarborough-Rouge Park(25),,,,42,,,2022-06-29T04:00:00,"c(-79.2210720047449, 43.8196980057598)"
259,13444158,Finch Ave E,Pharmacy Ave,259,259,259,FINCH AVE E,PHARMACY AVE,6278,1092,Finch Ave E And Pharmacy Ave,,FINCH AVE E,PHARMACY AVE,,,,Scarborough,Scarborough-Agincourt(22),,,,42,,,2022-09-16T04:00:00,"c(-79.3259689918428, 43.7943310091859)"
260,13444318,Victoria Park Ave,Finch Ave E,260,260,260,VICTORIA PARK AVE,FINCH AVE E,6279,1015,Victoria Park Ave And Finch Ave E,,VICTORIA PARK AVE,FINCH AVE E,,,,North York,Don Valley North(17),Scarborough-Agincourt(22),,,33,42,,2023-02-03T05:00:00,"c(-79.3314120082939, 43.7931060034126)"
261,13443237,Sheppard Ave E,Breckon Gt,261,261,261,SHEPPARD AVE E,BRECKON GT,6280,1473,Sheppard Ave E And Breckon Gt / Brenyon Way,,SHEPPARD AVE E,BRECKON GT,BRENYON WAY,,,Scarborough,Scarborough-Rouge Park(25),,,,42,,,2022-09-27T04:00:00,"c(-79.206898991275, 43.8004800051855)"
262,13447128,Sheppard Ave E,Leslie St,262,262,262,SHEPPARD AVE E,LESLIE ST,6281,0744,Sheppard Ave E And Leslie St,,SHEPPARD AVE E,LESLIE ST,,,,North York,Don Valley North(17),,,,33,,,2022-08-29T04:00:00,"c(-79.3641360008942, 43.7716430115232)"
263,13456031,Dufferin St,Lawrence Ave W,263,263,263,DUFFERIN ST,LAWRENCE AVE W,6282,0426,Dufferin St And Lawrence Ave W,,DUFFERIN ST,LAWRENCE AVE W,,,,North York,Eglinton-Lawrence(8),,,,32,13,,2022-09-27T04:00:00,"c(-79.4547510017973, 43.7140860038295)"
264,13464821,Church St,Carlton St,264,264,264,CHURCH ST,CARLTON ST,6283,0023,Church St And Carlton St,,CHURCH ST,CARLTON ST,,,,Toronto and East York,Toronto Centre(13),,,,51,,,2022-12-22T05:00:00,"c(-79.3793739983682, 43.6618750013235)"
265,13466247,Eglinton Ave W,Centennial Park Blvd,265,265,265,EGLINTON AVE W,CENTENNIAL PARK BLVD,6284,1484,Eglinton Ave W And Centennial Park Blvd / Orbitor Dr,,EGLINTON AVE W,CENTENNIAL PARK BLVD,ORBITOR DR,,,Etobicoke York,Etobicoke Centre(2),,,,22,,,2022-12-22T05:00:00,"c(-79.5984100023943, 43.6558339950234)"
266,13456926,Jane St,Maple Leaf Dr,266,266,266,JANE ST,MAPLE LEAF DR,6286,0530,Jane St And Maple Leaf Dr / Church St,,JANE ST,MAPLE LEAF DR,CHURCH ST,,,Etobicoke York,York South-Weston(5),,,,12,,,2022-09-27T04:00:00,"c(-79.505565998259, 43.7092450062612)"
267,13458553,Caledonia Rd,Castlefield Ave,267,267,267,CALEDONIA RD,CASTLEFIELD AVE,6287,0797,Caledonia Rd And Castlefield Ave,,CALEDONIA RD,CASTLEFIELD AVE,,,,North York,Eglinton-Lawrence(8),,,,13,,,2022-09-16T04:00:00,"c(-79.463522997534, 43.6984420020734)"
268,13442514,Morningside Ave,Casebridge Crt,268,268,268,MORNINGSIDE AVE,CASEBRIDGE CRT,6288,1536,Morningside Ave And Casebridge Crt / Mclevin Ave,,MORNINGSIDE AVE,CASEBRIDGE CRT,MCLEVIN AVE,,,Scarborough,Scarborough-Rouge Park(25),,,,42,,,2022-11-23T05:00:00,"c(-79.2027240084107, 43.8089340028015)"
269,13450532,Kingston Rd,Scarborough Golf Club Rd,269,269,269,KINGSTON RD,SCARBOROUGH GOLF CLUB RD,6289,1053,Kingston Rd And Scarborough Golf Club Rd,,KINGSTON RD,SCARBOROUGH GOLF CLUB RD,,,,Scarborough,Scarborough-Guildwood(24),,,,43,,,2022-10-14T04:00:00,"c(-79.2093490084318, 43.7460020041104)"
270,13456414,Don Mills Rd,Overlea Blvd,270,270,270,DON MILLS RD,OVERLEA BLVD,6290,0620,Don Mills Rd And Overlea Blvd / Gateway Blvd,,DON MILLS RD,OVERLEA BLVD,GATEWAY BLVD,,,North York,Don Valley West(15),Don Valley East(16),,,54,,,2022-12-21T05:00:00,"c(-79.3343940057242, 43.7099960039181)"
271,13446901,Kingston Rd,Morningside Ave,271,271,271,KINGSTON RD,MORNINGSIDE AVE,6291,0143,Kingston Rd And Morningside Ave,,KINGSTON RD,MORNINGSIDE AVE,,,,Scarborough,Scarborough-Guildwood(24),Scarborough-Rouge Park(25),,,43,,,2023-02-28T05:00:00,"c(-79.1868649962557, 43.770612002503)"
272,13443916,Pharmacy Ave,Huntingdale Blvd,272,272,272,PHARMACY AVE,HUNTINGDALE BLVD,6292,1240,Pharmacy Ave And Huntingdale Blvd / Chester Le Blvd,SOUTH INTERSECTION,PHARMACY AVE,HUNTINGDALE BLVD,CHESTER LE BLVD,,,Scarborough,Scarborough-Agincourt(22),,,,42,,,2022-12-05T05:00:00,"c(-79.3271780062176, 43.7963399968045)"
273,13442540,Victoria Park Ave,Gordon Baker Rd,273,273,273,VICTORIA PARK AVE,GORDON BAKER RD,6293,1252,Victoria Park Ave And Gordon Baker Rd,,VICTORIA PARK AVE,GORDON BAKER RD,,,,North York,Don Valley North(17),Scarborough-Agincourt(22),,,33,42,,2022-09-27T04:00:00,"c(-79.339209005151, 43.8106600078298)"
274,13446592,Markham Rd,Brimorton Dr,274,274,274,MARKHAM RD,BRIMORTON DR,6294,0703,Markham Rd And Brimorton Dr,,MARKHAM RD,BRIMORTON DR,,,,Scarborough,Scarborough-Guildwood(24),,,,43,,,2022-10-11T04:00:00,"c(-79.230680992998, 43.7734990034794)"
275,NA,,,275,275,275,HIGHWAY 27,CARRIER DR,6295,1159,Highway 27 And Carrier Dr,,HIGHWAY 27,CARRIER DR,,,,Etobicoke York,Etobicoke North(1),,,,23,,,2022-12-22T05:00:00,"c(-79.605448001438, 43.73912599952)"
276,13461140,Kipling Ave,The Westway,276,276,276,KIPLING AVE,THE WESTWAY,6297,0730,Kipling Ave And The Westway,,KIPLING AVE,THE WESTWAY,,,,Etobicoke York,Etobicoke Centre(2),,,,23,,,2022-10-11T04:00:00,"c(-79.5547029903606, 43.6856249985629)"
277,13447299,Kennedy Rd,Progress Ave,277,277,277,KENNEDY RD,PROGRESS AVE,6298,0692,Kennedy Rd And Progress Ave / Glamorgan Ave,,KENNEDY RD,PROGRESS AVE,GLAMORGAN AVE,,,Scarborough,Scarborough Centre(21),,,,41,,,2022-11-14T05:00:00,"c(-79.282256997504, 43.7694210064092)"
278,13445899,Victoria Park Ave,Old Sheppard Ave,278,278,278,VICTORIA PARK AVE,OLD SHEPPARD AVE,6299,1085,Victoria Park Ave And Old Sheppard Ave / Huntingwood Dr,,VICTORIA PARK AVE,OLD SHEPPARD AVE,HUNTINGWOOD DR,,,North York,Don Valley North(17),Scarborough-Agincourt(22),,,33,42,,2022-11-23T05:00:00,"c(-79.3253949976674, 43.7803520068369)"
279,13453844,Victoria Park Ave,Craigton Dr,279,279,279,VICTORIA PARK AVE,CRAIGTON DR,6300,0202,Victoria Park Ave And Craigton Dr / Jonesville Cres,,VICTORIA PARK AVE,CRAIGTON DR,JONESVILLE CRES,,,North York,Don Valley East(16),Scarborough Centre(21),,,33,41,,2022-12-21T05:00:00,"c(-79.3034700097246, 43.7266860061041)"
280,13443970,Finch Ave E,Bridletowne Crcl,280,280,280,FINCH AVE E,BRIDLETOWNE CRCL,6301,1186,Finch Ave E And Bridletowne Crcl,WEST INTERSECTION,FINCH AVE E,BRIDLETOWNE CRCL,,,,Scarborough,Scarborough-Agincourt(22),,,,42,,,2022-11-29T05:00:00,"c(-79.3193119986441, 43.7958510059553)"
281,13448285,Steeles Ave W,Fenmar Dr,281,281,281,STEELES AVE W,FENMAR DR,6302,1209,Steeles Ave W And Fenmar Dr / Pine Valley Dr,,STEELES AVE W,FENMAR DR,PINE VALLEY DR,,,Etobicoke York,Humber River-Black Creek(7),,,,31,,,2023-01-18T05:00:00,"c(-79.5647840098085, 43.7665450031896)"
282,13449013,Victoria Park Ave,Ellesmere Rd,282,282,282,VICTORIA PARK AVE,ELLESMERE RD,6303,0517,Victoria Park Ave And Ellesmere Rd / Parkwoods Village Dr,,VICTORIA PARK AVE,ELLESMERE RD,PARKWOODS VILLAGE DR,,,North York,Don Valley East(16),Scarborough Centre(21),,,33,41,,2022-11-29T05:00:00,"c(-79.3152450009711, 43.7578689999837)"
283,13442585,Finch Ave E,Sandhurst Crcl,283,283,283,FINCH AVE E,SANDHURST CRCL,6304,1177,Finch Ave E And Sandhurst Crcl,WEST INTERSECTION,FINCH AVE E,SANDHURST CRCL,,,,Scarborough,Scarborough North(23),,,,42,,,2022-11-29T05:00:00,"c(-79.2703919992287, 43.807186003862)"
284,13453266,Finch Ave W,Humber College Blvd,284,284,284,FINCH AVE W,HUMBER COLLEGE BLVD,6305,1496,Finch Ave W And Humber College Blvd,,FINCH AVE W,HUMBER COLLEGE BLVD,,,,Etobicoke York,Etobicoke North(1),,,,23,,,2022-11-02T04:00:00,"c(-79.6099130003417, 43.7340969947115)"
285,13445956,Sheppard Ave E,Aragon Ave,285,285,285,SHEPPARD AVE E,ARAGON AVE,6306,1333,Sheppard Ave E And Aragon Ave / Bay Mills Blvd,,SHEPPARD AVE E,ARAGON AVE,BAY MILLS BLVD,,,Scarborough,Scarborough-Agincourt(22),,,,42,,,2022-11-23T05:00:00,"c(-79.3043920041289, 43.7795620020682)"
286,13448838,Ellesmere Rd,Pharmacy Ave,286,286,286,ELLESMERE RD,PHARMACY AVE,6307,0693,Ellesmere Rd And Pharmacy Ave,,ELLESMERE RD,PHARMACY AVE,,,,Scarborough,Scarborough Centre(21),,,,41,,,2022-11-14T05:00:00,"c(-79.3101879905761, 43.7590310032194)"
287,13441926,Middlefield Rd,McNicoll Ave,287,287,287,MIDDLEFIELD RD,MCNICOLL AVE,6308,1582,Middlefield Rd And Mcnicoll Ave,,MIDDLEFIELD RD,MCNICOLL AVE,,,,Scarborough,Scarborough North(23),,,,42,,,2022-11-14T05:00:00,"c(-79.2620949976793, 43.8201199964002)"
288,13442521,Sheppard Ave E,Meadowvale Rd,288,288,288,SHEPPARD AVE E,MEADOWVALE RD,6309,1220,Sheppard Ave E And Meadowvale Rd,,SHEPPARD AVE E,MEADOWVALE RD,,,,Scarborough,Scarborough-Rouge Park(25),,,,42,,,2022-11-14T05:00:00,"c(-79.1708110019805, 43.8083760054367)"
289,13468047,Harbour St,York St,289,289,289,HARBOUR ST,YORK ST,6310,0204,Harbour St And York St,,HARBOUR ST,YORK ST,,,,Toronto and East York,Spadina-Fort York(10),,,,52,,,2022-10-22T04:00:00,"c(-79.3806910080995, 43.6410039969531)"
290,13459689,Coxwell Ave,Mortimer Ave,290,290,290,COXWELL AVE,MORTIMER AVE,6311,0661,Coxwell Ave And Mortimer Ave,,COXWELL AVE,MORTIMER AVE,,,,Toronto and East York,Toronto-Danforth(14),Beaches-East York(19),,,55,,,2022-12-21T05:00:00,"c(-79.3265740019167, 43.69058700737)"
291,13450472,Victoria Park Ave,Curlew Dr,291,291,291,VICTORIA PARK AVE,CURLEW DR,6312,0516,Victoria Park Ave And Curlew Dr / Lynvalley Cres,,VICTORIA PARK AVE,CURLEW DR,LYNVALLEY CRES,,,North York,Don Valley East(16),Scarborough Centre(21),,,33,41,,2022-11-23T05:00:00,"c(-79.3118170119237, 43.7479620006979)"
292,13446349,Don Mills Rd,Leith Hill Rd,292,292,292,DON MILLS RD,LEITH HILL RD,6313,1046,Don Mills Rd And Leith Hill Rd / Private Access @ West Entrance To Fairview Mall,,DON MILLS RD,LEITH HILL RD,PRIVATE ACCESS,,WEST ENTRANCE TO FAIRVIEW MALL,North York,Don Valley North(17),,,,33,,,2022-11-02T04:00:00,"c(-79.3478970108475, 43.7771279992792)"
293,13449368,Don Mills Rd,York Mills Rd,293,293,293,DON MILLS RD,YORK MILLS RD,6314,0626,Don Mills Rd And York Mills Rd,,DON MILLS RD,YORK MILLS RD,,,,North York,Don Valley East(16),,,,33,,,2023-04-26T04:00:00,"c(-79.347045002303, 43.7558110055382)"
